year,grand_prix,grand_prix_mapped,driver_number,lap_number
2023,Catalunya,Spanish_Grand_Prix,4,1.0
2023,Catalunya,Spanish_Grand_Prix,77,5.0
2023,Catalunya,Spanish_Grand_Prix,27,8.0
2023,Catalunya,Spanish_Grand_Prix,24,9.0
2023,Catalunya,Spanish_Grand_Prix,21,9.0
2023,Catalunya,Spanish_Grand_Prix,22,10.0
2023,Catalunya,Spanish_Grand_Prix,20,10.0
2023,Catalunya,Spanish_Grand_Prix,31,13.0
2023,Catalunya,Spanish_Grand_Prix,18,14.0
2023,Catalunya,Spanish_Grand_Prix,55,15.0
2023,Catalunya,Spanish_Grand_Prix,16,16.0
2023,Catalunya,Spanish_Grand_Prix,23,16.0
2023,Catalunya,Spanish_Grand_Prix,81,17.0
2023,Catalunya,Spanish_Grand_Prix,2,17.0
2023,Catalunya,Spanish_Grand_Prix,14,19.0
2023,Catalunya,Spanish_Grand_Prix,10,19.0
2023,Catalunya,Spanish_Grand_Prix,4,22.0
2023,Catalunya,Spanish_Grand_Prix,44,24.0
2023,Catalunya,Spanish_Grand_Prix,20,24.0
2023,Catalunya,Spanish_Grand_Prix,63,25.0
2023,Catalunya,Spanish_Grand_Prix,1,26.0
2023,Catalunya,Spanish_Grand_Prix,27,26.0
2023,Catalunya,Spanish_Grand_Prix,11,27.0
2023,Catalunya,Spanish_Grand_Prix,18,34.0
2023,Catalunya,Spanish_Grand_Prix,22,34.0
2023,Catalunya,Spanish_Grand_Prix,31,35.0
2023,Catalunya,Spanish_Grand_Prix,24,36.0
2023,Catalunya,Spanish_Grand_Prix,2,36.0
2023,Catalunya,Spanish_Grand_Prix,23,37.0
2023,Catalunya,Spanish_Grand_Prix,21,38.0
2023,Catalunya,Spanish_Grand_Prix,81,39.0
2023,Catalunya,Spanish_Grand_Prix,10,39.0
2023,Catalunya,Spanish_Grand_Prix,77,39.0
2023,Catalunya,Spanish_Grand_Prix,55,41.0
2023,Catalunya,Spanish_Grand_Prix,16,41.0
2023,Catalunya,Spanish_Grand_Prix,20,42.0
2023,Catalunya,Spanish_Grand_Prix,27,43.0
2023,Catalunya,Spanish_Grand_Prix,14,44.0
2023,Catalunya,Spanish_Grand_Prix,63,45.0
2023,Catalunya,Spanish_Grand_Prix,44,50.0
2023,Catalunya,Spanish_Grand_Prix,11,50.0
2023,Catalunya,Spanish_Grand_Prix,4,50.0
2023,Catalunya,Spanish_Grand_Prix,1,52.0
2023,Montreal,Canadian_Grand_Prix,22,1.0
2023,Montreal,Canadian_Grand_Prix,10,10.0
2023,Montreal,Canadian_Grand_Prix,27,11.0
2023,Montreal,Canadian_Grand_Prix,18,11.0
2023,Montreal,Canadian_Grand_Prix,21,11.0
2023,Montreal,Canadian_Grand_Prix,1,12.0
2023,Montreal,Canadian_Grand_Prix,44,12.0
2023,Montreal,Canadian_Grand_Prix,14,12.0
2023,Montreal,Canadian_Grand_Prix,31,12.0
2023,Montreal,Canadian_Grand_Prix,81,12.0
2023,Montreal,Canadian_Grand_Prix,4,12.0
2023,Montreal,Canadian_Grand_Prix,23,12.0
2023,Montreal,Canadian_Grand_Prix,24,12.0
2023,Montreal,Canadian_Grand_Prix,63,12.0
2023,Montreal,Canadian_Grand_Prix,18,27.0
2023,Montreal,Canadian_Grand_Prix,27,31.0
2023,Montreal,Canadian_Grand_Prix,24,32.0
2023,Montreal,Canadian_Grand_Prix,10,33.0
2023,Montreal,Canadian_Grand_Prix,22,34.0
2023,Montreal,Canadian_Grand_Prix,4,35.0
2023,Montreal,Canadian_Grand_Prix,20,35.0
2023,Montreal,Canadian_Grand_Prix,31,36.0
2023,Montreal,Canadian_Grand_Prix,77,36.0
2023,Montreal,Canadian_Grand_Prix,11,37.0
2023,Montreal,Canadian_Grand_Prix,81,37.0
2023,Montreal,Canadian_Grand_Prix,55,38.0
2023,Montreal,Canadian_Grand_Prix,16,39.0
2023,Montreal,Canadian_Grand_Prix,44,40.0
2023,Montreal,Canadian_Grand_Prix,14,41.0
2023,Montreal,Canadian_Grand_Prix,1,42.0
2023,Montreal,Canadian_Grand_Prix,21,50.0
2023,Montreal,Canadian_Grand_Prix,20,53.0
2023,Montreal,Canadian_Grand_Prix,11,68.0
2023,Spielberg,Austrian_Grand_Prix,20,1.0
2023,Spielberg,Austrian_Grand_Prix,22,1.0
2023,Spielberg,Austrian_Grand_Prix,1,2.0
2023,Spielberg,Austrian_Grand_Prix,16,2.0
2023,Spielberg,Austrian_Grand_Prix,55,2.0
2023,Spielberg,Austrian_Grand_Prix,44,2.0
2023,Spielberg,Austrian_Grand_Prix,4,2.0
2023,Spielberg,Austrian_Grand_Prix,14,2.0
2023,Spielberg,Austrian_Grand_Prix,27,2.0
2023,Spielberg,Austrian_Grand_Prix,18,2.0
2023,Spielberg,Austrian_Grand_Prix,10,2.0
2023,Spielberg,Austrian_Grand_Prix,23,2.0
2023,Spielberg,Austrian_Grand_Prix,63,2.0
2023,Spielberg,Austrian_Grand_Prix,31,2.0
2023,Spielberg,Austrian_Grand_Prix,11,2.0
2023,Spielberg,Austrian_Grand_Prix,24,2.0
2023,Spielberg,Austrian_Grand_Prix,81,2.0
2023,Spielberg,Austrian_Grand_Prix,2,2.0
2023,Spielberg,Austrian_Grand_Prix,77,2.0
2023,Spielberg,Austrian_Grand_Prix,21,2.0
2023,Spielberg,Austrian_Grand_Prix,22,2.0
2023,Spielberg,Austrian_Grand_Prix,20,2.0
2023,Spielberg,Austrian_Grand_Prix,24,8.0
2023,Spielberg,Austrian_Grand_Prix,27,11.0
2023,Spielberg,Austrian_Grand_Prix,21,12.0
2023,Spielberg,Austrian_Grand_Prix,44,14.0
2023,Spielberg,Austrian_Grand_Prix,4,14.0
2023,Spielberg,Austrian_Grand_Prix,10,14.0
2023,Spielberg,Austrian_Grand_Prix,23,14.0
2023,Spielberg,Austrian_Grand_Prix,63,14.0
2023,Spielberg,Austrian_Grand_Prix,31,14.0
2023,Spielberg,Austrian_Grand_Prix,81,14.0
2023,Spielberg,Austrian_Grand_Prix,2,14.0
2023,Spielberg,Austrian_Grand_Prix,16,15.0
2023,Spielberg,Austrian_Grand_Prix,55,15.0
2023,Spielberg,Austrian_Grand_Prix,14,15.0
2023,Spielberg,Austrian_Grand_Prix,18,15.0
2023,Spielberg,Austrian_Grand_Prix,77,21.0
2023,Spielberg,Austrian_Grand_Prix,81,22.0
2023,Spielberg,Austrian_Grand_Prix,22,23.0
2023,Spielberg,Austrian_Grand_Prix,1,24.0
2023,Spielberg,Austrian_Grand_Prix,11,25.0
2023,Spielberg,Austrian_Grand_Prix,20,34.0
2023,Spielberg,Austrian_Grand_Prix,18,36.0
2023,Spielberg,Austrian_Grand_Prix,21,37.0
2023,Spielberg,Austrian_Grand_Prix,24,38.0
2023,Spielberg,Austrian_Grand_Prix,31,40.0
2023,Spielberg,Austrian_Grand_Prix,77,40.0
2023,Spielberg,Austrian_Grand_Prix,4,41.0
2023,Spielberg,Austrian_Grand_Prix,63,41.0
2023,Spielberg,Austrian_Grand_Prix,23,41.0
2023,Spielberg,Austrian_Grand_Prix,81,41.0
2023,Spielberg,Austrian_Grand_Prix,44,42.0
2023,Spielberg,Austrian_Grand_Prix,2,43.0
2023,Spielberg,Austrian_Grand_Prix,22,43.0
2023,Spielberg,Austrian_Grand_Prix,14,44.0
2023,Spielberg,Austrian_Grand_Prix,10,44.0
2023,Spielberg,Austrian_Grand_Prix,55,45.0
2023,Spielberg,Austrian_Grand_Prix,16,47.0
2023,Spielberg,Austrian_Grand_Prix,1,49.0
2023,Spielberg,Austrian_Grand_Prix,11,50.0
2023,Spielberg,Austrian_Grand_Prix,18,54.0
2023,Spielberg,Austrian_Grand_Prix,1,69.0
2023,Silverstone,British_Grand_Prix,27,7.0
2023,Silverstone,British_Grand_Prix,22,14.0
2023,Silverstone,British_Grand_Prix,16,18.0
2023,Silverstone,British_Grand_Prix,24,24.0
2023,Silverstone,British_Grand_Prix,55,26.0
2023,Silverstone,British_Grand_Prix,21,27.0
2023,Silverstone,British_Grand_Prix,63,28.0
2023,Silverstone,British_Grand_Prix,11,28.0
2023,Silverstone,British_Grand_Prix,81,29.0
2023,Silverstone,British_Grand_Prix,2,29.0
2023,Silverstone,British_Grand_Prix,10,31.0
2023,Silverstone,British_Grand_Prix,18,31.0
2023,Silverstone,British_Grand_Prix,23,32.0
2023,Silverstone,British_Grand_Prix,16,32.0
2023,Silverstone,British_Grand_Prix,77,32.0
2023,Silverstone,British_Grand_Prix,22,32.0
2023,Silverstone,British_Grand_Prix,21,32.0
2023,Silverstone,British_Grand_Prix,27,32.0
2023,Silverstone,British_Grand_Prix,1,33.0
2023,Silverstone,British_Grand_Prix,4,33.0
2023,Silverstone,British_Grand_Prix,44,33.0
2023,Silverstone,British_Grand_Prix,14,33.0
2023,Silverstone,British_Grand_Prix,24,33.0
2023,Silverstone,British_Grand_Prix,24,36.0
2023,Hungaroring,Hungarian_Grand_Prix,23,8.0
2023,Hungaroring,Hungarian_Grand_Prix,18,9.0
2023,Hungaroring,Hungarian_Grand_Prix,77,9.0
2023,Hungaroring,Hungarian_Grand_Prix,22,9.0
2023,Hungaroring,Hungarian_Grand_Prix,24,10.0
2023,Hungaroring,Hungarian_Grand_Prix,2,13.0
2023,Hungaroring,Hungarian_Grand_Prix,20,14.0
2023,Hungaroring,Hungarian_Grand_Prix,55,15.0
2023,Hungaroring,Hungarian_Grand_Prix,44,16.0
2023,Hungaroring,Hungarian_Grand_Prix,27,16.0
2023,Hungaroring,Hungarian_Grand_Prix,4,17.0
2023,Hungaroring,Hungarian_Grand_Prix,16,17.0
2023,Hungaroring,Hungarian_Grand_Prix,81,18.0
2023,Hungaroring,Hungarian_Grand_Prix,3,18.0
2023,Hungaroring,Hungarian_Grand_Prix,14,20.0
2023,Hungaroring,Hungarian_Grand_Prix,1,23.0
2023,Hungaroring,Hungarian_Grand_Prix,11,24.0
2023,Hungaroring,Hungarian_Grand_Prix,63,28.0
2023,Hungaroring,Hungarian_Grand_Prix,3,29.0
2023,Hungaroring,Hungarian_Grand_Prix,23,31.0
2023,Hungaroring,Hungarian_Grand_Prix,18,34.0
2023,Hungaroring,Hungarian_Grand_Prix,2,34.0
2023,Hungaroring,Hungarian_Grand_Prix,27,38.0
2023,Hungaroring,Hungarian_Grand_Prix,24,38.0
2023,Hungaroring,Hungarian_Grand_Prix,77,40.0
2023,Hungaroring,Hungarian_Grand_Prix,20,41.0
2023,Hungaroring,Hungarian_Grand_Prix,81,42.0
2023,Hungaroring,Hungarian_Grand_Prix,11,42.0
2023,Hungaroring,Hungarian_Grand_Prix,16,43.0
2023,Hungaroring,Hungarian_Grand_Prix,14,43.0
2023,Hungaroring,Hungarian_Grand_Prix,4,44.0
2023,Hungaroring,Hungarian_Grand_Prix,55,44.0
2023,Hungaroring,Hungarian_Grand_Prix,22,44.0
2023,Hungaroring,Hungarian_Grand_Prix,63,46.0
2023,Hungaroring,Hungarian_Grand_Prix,44,49.0
2023,Hungaroring,Hungarian_Grand_Prix,1,51.0
2023,Spa-Francorchamps,Belgian_Grand_Prix,4,5.0
2023,Spa-Francorchamps,Belgian_Grand_Prix,3,5.0
2023,Spa-Francorchamps,Belgian_Grand_Prix,20,5.0
2023,Spa-Francorchamps,Belgian_Grand_Prix,31,6.0
2023,Spa-Francorchamps,Belgian_Grand_Prix,77,6.0
2023,Spa-Francorchamps,Belgian_Grand_Prix,23,7.0
2023,Spa-Francorchamps,Belgian_Grand_Prix,55,7.0
2023,Spa-Francorchamps,Belgian_Grand_Prix,24,7.0
2023,Spa-Francorchamps,Belgian_Grand_Prix,2,8.0
2023,Spa-Francorchamps,Belgian_Grand_Prix,22,9.0
2023,Spa-Francorchamps,Belgian_Grand_Prix,14,10.0
2023,Spa-Francorchamps,Belgian_Grand_Prix,44,12.0
2023,Spa-Francorchamps,Belgian_Grand_Prix,27,12.0
2023,Spa-Francorchamps,Belgian_Grand_Prix,11,13.0
2023,Spa-Francorchamps,Belgian_Grand_Prix,16,13.0
2023,Spa-Francorchamps,Belgian_Grand_Prix,1,14.0
2023,Spa-Francorchamps,Belgian_Grand_Prix,4,17.0
2023,Spa-Francorchamps,Belgian_Grand_Prix,18,20.0
2023,Spa-Francorchamps,Belgian_Grand_Prix,63,22.0
2023,Spa-Francorchamps,Belgian_Grand_Prix,3,22.0
2023,Spa-Francorchamps,Belgian_Grand_Prix,23,23.0
2023,Spa-Francorchamps,Belgian_Grand_Prix,10,23.0
2023,Spa-Francorchamps,Belgian_Grand_Prix,22,24.0
2023,Spa-Francorchamps,Belgian_Grand_Prix,77,24.0
2023,Spa-Francorchamps,Belgian_Grand_Prix,27,24.0
2023,Spa-Francorchamps,Belgian_Grand_Prix,2,24.0
2023,Spa-Francorchamps,Belgian_Grand_Prix,31,25.0
2023,Spa-Francorchamps,Belgian_Grand_Prix,20,25.0
2023,Spa-Francorchamps,Belgian_Grand_Prix,24,25.0
2023,Spa-Francorchamps,Belgian_Grand_Prix,44,27.0
2023,Spa-Francorchamps,Belgian_Grand_Prix,16,28.0
2023,Spa-Francorchamps,Belgian_Grand_Prix,11,29.0
2023,Spa-Francorchamps,Belgian_Grand_Prix,14,29.0
2023,Spa-Francorchamps,Belgian_Grand_Prix,1,30.0
2023,Spa-Francorchamps,Belgian_Grand_Prix,23,33.0
2023,Spa-Francorchamps,Belgian_Grand_Prix,2,34.0
2023,Spa-Francorchamps,Belgian_Grand_Prix,44,42.0
2023,Zandvoort,Dutch_Grand_Prix,11,1.0
2023,Zandvoort,Dutch_Grand_Prix,24,1.0
2023,Zandvoort,Dutch_Grand_Prix,10,1.0
2023,Zandvoort,Dutch_Grand_Prix,16,1.0
2023,Zandvoort,Dutch_Grand_Prix,22,1.0
2023,Zandvoort,Dutch_Grand_Prix,20,1.0
2023,Zandvoort,Dutch_Grand_Prix,40,1.0
2023,Zandvoort,Dutch_Grand_Prix,1,2.0
2023,Zandvoort,Dutch_Grand_Prix,14,2.0
2023,Zandvoort,Dutch_Grand_Prix,55,2.0
2023,Zandvoort,Dutch_Grand_Prix,31,2.0
2023,Zandvoort,Dutch_Grand_Prix,4,3.0
2023,Zandvoort,Dutch_Grand_Prix,44,3.0
2023,Zandvoort,Dutch_Grand_Prix,63,4.0
2023,Zandvoort,Dutch_Grand_Prix,18,4.0
2023,Zandvoort,Dutch_Grand_Prix,20,9.0
2023,Zandvoort,Dutch_Grand_Prix,44,9.0
2023,Zandvoort,Dutch_Grand_Prix,18,9.0
2023,Zandvoort,Dutch_Grand_Prix,24,10.0
2023,Zandvoort,Dutch_Grand_Prix,14,10.0
2023,Zandvoort,Dutch_Grand_Prix,55,10.0
2023,Zandvoort,Dutch_Grand_Prix,22,10.0
2023,Zandvoort,Dutch_Grand_Prix,31,10.0
2023,Zandvoort,Dutch_Grand_Prix,4,10.0
2023,Zandvoort,Dutch_Grand_Prix,40,10.0
2023,Zandvoort,Dutch_Grand_Prix,63,10.0
2023,Zandvoort,Dutch_Grand_Prix,1,11.0
2023,Zandvoort,Dutch_Grand_Prix,10,11.0
2023,Zandvoort,Dutch_Grand_Prix,16,11.0
2023,Zandvoort,Dutch_Grand_Prix,11,12.0
2023,Zandvoort,Dutch_Grand_Prix,81,15.0
2023,Zandvoort,Dutch_Grand_Prix,77,16.0
2023,Zandvoort,Dutch_Grand_Prix,27,16.0
2023,Zandvoort,Dutch_Grand_Prix,63,16.0
2023,Zandvoort,Dutch_Grand_Prix,18,16.0
2023,Zandvoort,Dutch_Grand_Prix,40,17.0
2023,Zandvoort,Dutch_Grand_Prix,18,34.0
2023,Zandvoort,Dutch_Grand_Prix,20,35.0
2023,Zandvoort,Dutch_Grand_Prix,24,37.0
2023,Zandvoort,Dutch_Grand_Prix,55,41.0
2023,Zandvoort,Dutch_Grand_Prix,4,42.0
2023,Zandvoort,Dutch_Grand_Prix,31,43.0
2023,Zandvoort,Dutch_Grand_Prix,23,44.0
2023,Zandvoort,Dutch_Grand_Prix,11,45.0
2023,Zandvoort,Dutch_Grand_Prix,44,45.0
2023,Zandvoort,Dutch_Grand_Prix,10,46.0
2023,Zandvoort,Dutch_Grand_Prix,81,46.0
2023,Zandvoort,Dutch_Grand_Prix,40,46.0
2023,Zandvoort,Dutch_Grand_Prix,77,47.0
2023,Zandvoort,Dutch_Grand_Prix,14,48.0
2023,Zandvoort,Dutch_Grand_Prix,27,48.0
2023,Zandvoort,Dutch_Grand_Prix,1,49.0
2023,Zandvoort,Dutch_Grand_Prix,77,59.0
2023,Zandvoort,Dutch_Grand_Prix,40,59.0
2023,Zandvoort,Dutch_Grand_Prix,11,60.0
2023,Zandvoort,Dutch_Grand_Prix,10,60.0
2023,Zandvoort,Dutch_Grand_Prix,55,60.0
2023,Zandvoort,Dutch_Grand_Prix,44,60.0
2023,Zandvoort,Dutch_Grand_Prix,4,60.0
2023,Zandvoort,Dutch_Grand_Prix,63,60.0
2023,Zandvoort,Dutch_Grand_Prix,81,60.0
2023,Zandvoort,Dutch_Grand_Prix,22,60.0
2023,Zandvoort,Dutch_Grand_Prix,24,60.0
2023,Zandvoort,Dutch_Grand_Prix,18,60.0
2023,Zandvoort,Dutch_Grand_Prix,27,60.0
2023,Zandvoort,Dutch_Grand_Prix,1,61.0
2023,Zandvoort,Dutch_Grand_Prix,20,60.0
2023,Zandvoort,Dutch_Grand_Prix,14,61.0
2023,Zandvoort,Dutch_Grand_Prix,23,61.0
2023,Zandvoort,Dutch_Grand_Prix,31,61.0
2023,Zandvoort,Dutch_Grand_Prix,1,63.0
2023,Zandvoort,Dutch_Grand_Prix,11,63.0
2023,Zandvoort,Dutch_Grand_Prix,4,63.0
2023,Zandvoort,Dutch_Grand_Prix,63,63.0
2023,Zandvoort,Dutch_Grand_Prix,23,63.0
2023,Zandvoort,Dutch_Grand_Prix,81,63.0
2023,Zandvoort,Dutch_Grand_Prix,31,63.0
2023,Zandvoort,Dutch_Grand_Prix,22,63.0
2023,Zandvoort,Dutch_Grand_Prix,18,63.0
2023,Zandvoort,Dutch_Grand_Prix,27,63.0
2023,Zandvoort,Dutch_Grand_Prix,77,63.0
2023,Zandvoort,Dutch_Grand_Prix,40,63.0
2023,Zandvoort,Dutch_Grand_Prix,20,63.0
2023,Zandvoort,Dutch_Grand_Prix,1,64.0
2023,Zandvoort,Dutch_Grand_Prix,14,64.0
2023,Zandvoort,Dutch_Grand_Prix,11,64.0
2023,Zandvoort,Dutch_Grand_Prix,10,64.0
2023,Zandvoort,Dutch_Grand_Prix,55,64.0
2023,Zandvoort,Dutch_Grand_Prix,44,64.0
2023,Zandvoort,Dutch_Grand_Prix,4,64.0
2023,Zandvoort,Dutch_Grand_Prix,63,64.0
2023,Zandvoort,Dutch_Grand_Prix,23,64.0
2023,Zandvoort,Dutch_Grand_Prix,81,64.0
2023,Zandvoort,Dutch_Grand_Prix,31,64.0
2023,Zandvoort,Dutch_Grand_Prix,22,64.0
2023,Zandvoort,Dutch_Grand_Prix,18,64.0
2023,Zandvoort,Dutch_Grand_Prix,27,64.0
2023,Zandvoort,Dutch_Grand_Prix,77,64.0
2023,Zandvoort,Dutch_Grand_Prix,40,64.0
2023,Zandvoort,Dutch_Grand_Prix,20,64.0
2023,Zandvoort,Dutch_Grand_Prix,63,67.0
2023,Monza,Italian_Grand_Prix,10,10.0
2023,Monza,Italian_Grand_Prix,24,11.0
2023,Monza,Italian_Grand_Prix,20,12.0
2023,Monza,Italian_Grand_Prix,40,13.0
2023,Monza,Italian_Grand_Prix,2,14.0
2023,Monza,Italian_Grand_Prix,27,14.0
2023,Monza,Italian_Grand_Prix,23,15.0
2023,Monza,Italian_Grand_Prix,55,19.0
2023,Monza,Italian_Grand_Prix,63,19.0
2023,Monza,Italian_Grand_Prix,1,20.0
2023,Monza,Italian_Grand_Prix,16,20.0
2023,Monza,Italian_Grand_Prix,18,20.0
2023,Monza,Italian_Grand_Prix,11,21.0
2023,Monza,Italian_Grand_Prix,14,21.0
2023,Monza,Italian_Grand_Prix,4,22.0
2023,Monza,Italian_Grand_Prix,81,23.0
2023,Monza,Italian_Grand_Prix,31,24.0
2023,Monza,Italian_Grand_Prix,77,25.0
2023,Monza,Italian_Grand_Prix,44,27.0
2023,Monza,Italian_Grand_Prix,10,31.0
2023,Monza,Italian_Grand_Prix,40,33.0
2023,Monza,Italian_Grand_Prix,24,33.0
2023,Monza,Italian_Grand_Prix,20,33.0
2023,Monza,Italian_Grand_Prix,27,39.0
2023,Monza,Italian_Grand_Prix,81,41.0
2023,Singapore,Singapore_Grand_Prix,24,2.0
2023,Singapore,Singapore_Grand_Prix,2,19.0
2023,Singapore,Singapore_Grand_Prix,55,20.0
2023,Singapore,Singapore_Grand_Prix,63,20.0
2023,Singapore,Singapore_Grand_Prix,4,20.0
2023,Singapore,Singapore_Grand_Prix,16,20.0
2023,Singapore,Singapore_Grand_Prix,44,20.0
2023,Singapore,Singapore_Grand_Prix,14,20.0
2023,Singapore,Singapore_Grand_Prix,31,20.0
2023,Singapore,Singapore_Grand_Prix,20,20.0
2023,Singapore,Singapore_Grand_Prix,10,20.0
2023,Singapore,Singapore_Grand_Prix,81,20.0
2023,Singapore,Singapore_Grand_Prix,40,20.0
2023,Singapore,Singapore_Grand_Prix,27,20.0
2023,Singapore,Singapore_Grand_Prix,23,20.0
2023,Singapore,Singapore_Grand_Prix,24,20.0
2023,Singapore,Singapore_Grand_Prix,11,39.0
2023,Singapore,Singapore_Grand_Prix,1,40.0
2023,Singapore,Singapore_Grand_Prix,77,40.0
2023,Singapore,Singapore_Grand_Prix,23,43.0
2023,Singapore,Singapore_Grand_Prix,20,43.0
2023,Singapore,Singapore_Grand_Prix,2,43.0
2023,Singapore,Singapore_Grand_Prix,63,44.0
2023,Singapore,Singapore_Grand_Prix,44,44.0
2023,Singapore,Singapore_Grand_Prix,14,44.0
2023,Suzuka,Japanese_Grand_Prix,31,1.0
2023,Suzuka,Japanese_Grand_Prix,24,1.0
2023,Suzuka,Japanese_Grand_Prix,23,1.0
2023,Suzuka,Japanese_Grand_Prix,77,1.0
2023,Suzuka,Japanese_Grand_Prix,11,2.0
2023,Suzuka,Japanese_Grand_Prix,2,2.0
2023,Suzuka,Japanese_Grand_Prix,2,5.0
2023,Suzuka,Japanese_Grand_Prix,77,6.0
2023,Suzuka,Japanese_Grand_Prix,27,8.0
2023,Suzuka,Japanese_Grand_Prix,22,9.0
2023,Suzuka,Japanese_Grand_Prix,40,10.0
2023,Suzuka,Japanese_Grand_Prix,24,10.0
2023,Suzuka,Japanese_Grand_Prix,14,11.0
2023,Suzuka,Japanese_Grand_Prix,20,12.0
2023,Suzuka,Japanese_Grand_Prix,11,12.0
2023,Suzuka,Japanese_Grand_Prix,81,13.0
2023,Suzuka,Japanese_Grand_Prix,23,13.0
2023,Suzuka,Japanese_Grand_Prix,18,14.0
2023,Suzuka,Japanese_Grand_Prix,1,16.0
2023,Suzuka,Japanese_Grand_Prix,44,16.0
2023,Suzuka,Japanese_Grand_Prix,4,17.0
2023,Suzuka,Japanese_Grand_Prix,16,17.0
2023,Suzuka,Japanese_Grand_Prix,55,18.0
2023,Suzuka,Japanese_Grand_Prix,10,18.0
2023,Suzuka,Japanese_Grand_Prix,27,21.0
2023,Suzuka,Japanese_Grand_Prix,2,21.0
2023,Suzuka,Japanese_Grand_Prix,63,24.0
2023,Suzuka,Japanese_Grand_Prix,14,25.0
2023,Suzuka,Japanese_Grand_Prix,40,25.0
2023,Suzuka,Japanese_Grand_Prix,31,28.0
2023,Suzuka,Japanese_Grand_Prix,24,29.0
2023,Suzuka,Japanese_Grand_Prix,22,30.0
2023,Suzuka,Japanese_Grand_Prix,20,31.0
2023,Suzuka,Japanese_Grand_Prix,16,34.0
2023,Suzuka,Japanese_Grand_Prix,44,34.0
2023,Suzuka,Japanese_Grand_Prix,10,34.0
2023,Suzuka,Japanese_Grand_Prix,81,35.0
2023,Suzuka,Japanese_Grand_Prix,4,36.0
2023,Suzuka,Japanese_Grand_Prix,1,37.0
2023,Suzuka,Japanese_Grand_Prix,27,37.0
2023,Suzuka,Japanese_Grand_Prix,55,38.0
2023,Suzuka,Japanese_Grand_Prix,11,13.0
2023,Suzuka,Japanese_Grand_Prix,11,14.0
2023,Lusail,Qatar_Grand_Prix,63,1.0
2023,Lusail,Qatar_Grand_Prix,77,3.0
2023,Lusail,Qatar_Grand_Prix,20,3.0
2023,Lusail,Qatar_Grand_Prix,18,3.0
2023,Lusail,Qatar_Grand_Prix,40,3.0
2023,Lusail,Qatar_Grand_Prix,22,9.0
2023,Lusail,Qatar_Grand_Prix,31,10.0
2023,Lusail,Qatar_Grand_Prix,14,11.0
2023,Lusail,Qatar_Grand_Prix,10,11.0
2023,Lusail,Qatar_Grand_Prix,81,12.0
2023,Lusail,Qatar_Grand_Prix,16,12.0
2023,Lusail,Qatar_Grand_Prix,4,13.0
2023,Lusail,Qatar_Grand_Prix,2,13.0
2023,Lusail,Qatar_Grand_Prix,27,13.0
2023,Lusail,Qatar_Grand_Prix,63,14.0
2023,Lusail,Qatar_Grand_Prix,1,17.0
2023,Lusail,Qatar_Grand_Prix,11,17.0
2023,Lusail,Qatar_Grand_Prix,23,18.0
2023,Lusail,Qatar_Grand_Prix,24,18.0
2023,Lusail,Qatar_Grand_Prix,77,21.0
2023,Lusail,Qatar_Grand_Prix,18,21.0
2023,Lusail,Qatar_Grand_Prix,20,21.0
2023,Lusail,Qatar_Grand_Prix,40,21.0
2023,Lusail,Qatar_Grand_Prix,22,22.0
2023,Lusail,Qatar_Grand_Prix,81,25.0
2023,Lusail,Qatar_Grand_Prix,16,25.0
2023,Lusail,Qatar_Grand_Prix,31,25.0
2023,Lusail,Qatar_Grand_Prix,14,26.0
2023,Lusail,Qatar_Grand_Prix,10,26.0
2023,Lusail,Qatar_Grand_Prix,2,26.0
2023,Lusail,Qatar_Grand_Prix,4,27.0
2023,Lusail,Qatar_Grand_Prix,27,27.0
2023,Lusail,Qatar_Grand_Prix,11,31.0
2023,Lusail,Qatar_Grand_Prix,23,31.0
2023,Lusail,Qatar_Grand_Prix,63,32.0
2023,Lusail,Qatar_Grand_Prix,1,34.0
2023,Lusail,Qatar_Grand_Prix,24,35.0
2023,Lusail,Qatar_Grand_Prix,77,39.0
2023,Lusail,Qatar_Grand_Prix,18,39.0
2023,Lusail,Qatar_Grand_Prix,20,39.0
2023,Lusail,Qatar_Grand_Prix,40,39.0
2023,Lusail,Qatar_Grand_Prix,27,39.0
2023,Lusail,Qatar_Grand_Prix,22,40.0
2023,Lusail,Qatar_Grand_Prix,81,43.0
2023,Lusail,Qatar_Grand_Prix,16,43.0
2023,Lusail,Qatar_Grand_Prix,31,43.0
2023,Lusail,Qatar_Grand_Prix,11,43.0
2023,Lusail,Qatar_Grand_Prix,4,44.0
2023,Lusail,Qatar_Grand_Prix,14,44.0
2023,Lusail,Qatar_Grand_Prix,10,44.0
2023,Lusail,Qatar_Grand_Prix,23,44.0
2023,Lusail,Qatar_Grand_Prix,63,50.0
2023,Lusail,Qatar_Grand_Prix,1,51.0
2023,Lusail,Qatar_Grand_Prix,24,52.0
2023,Austin,United_States_Grand_Prix,24,9.0
2023,Austin,United_States_Grand_Prix,23,10.0
2023,Austin,United_States_Grand_Prix,77,10.0
2023,Austin,United_States_Grand_Prix,20,10.0
2023,Austin,United_States_Grand_Prix,2,11.0
2023,Austin,United_States_Grand_Prix,1,16.0
2023,Austin,United_States_Grand_Prix,4,17.0
2023,Austin,United_States_Grand_Prix,55,17.0
2023,Austin,United_States_Grand_Prix,11,17.0
2023,Austin,United_States_Grand_Prix,22,17.0
2023,Austin,United_States_Grand_Prix,10,18.0
2023,Austin,United_States_Grand_Prix,14,19.0
2023,Austin,United_States_Grand_Prix,27,19.0
2023,Austin,United_States_Grand_Prix,44,20.0
2023,Austin,United_States_Grand_Prix,18,20.0
2023,Austin,United_States_Grand_Prix,63,21.0
2023,Austin,United_States_Grand_Prix,3,22.0
2023,Austin,United_States_Grand_Prix,16,23.0
2023,Austin,United_States_Grand_Prix,24,27.0
2023,Austin,United_States_Grand_Prix,77,28.0
2023,Austin,United_States_Grand_Prix,23,29.0
2023,Austin,United_States_Grand_Prix,20,29.0
2023,Austin,United_States_Grand_Prix,2,32.0
2023,Austin,United_States_Grand_Prix,4,34.0
2023,Austin,United_States_Grand_Prix,22,34.0
2023,Austin,United_States_Grand_Prix,27,34.0
2023,Austin,United_States_Grand_Prix,1,35.0
2023,Austin,United_States_Grand_Prix,55,35.0
2023,Austin,United_States_Grand_Prix,11,37.0
2023,Austin,United_States_Grand_Prix,10,37.0
2023,Austin,United_States_Grand_Prix,44,38.0
2023,Austin,United_States_Grand_Prix,63,39.0
2023,Austin,United_States_Grand_Prix,18,40.0
2023,Austin,United_States_Grand_Prix,14,42.0
2023,Austin,United_States_Grand_Prix,3,47.0
2023,Austin,United_States_Grand_Prix,22,54.0
2023,Mexico City,Mexico_City_Grand_Prix,22,9.0
2023,Mexico City,Mexico_City_Grand_Prix,4,11.0
2023,Mexico City,Mexico_City_Grand_Prix,1,19.0
2023,Mexico City,Mexico_City_Grand_Prix,24,21.0
2023,Mexico City,Mexico_City_Grand_Prix,2,22.0
2023,Mexico City,Mexico_City_Grand_Prix,27,23.0
2023,Mexico City,Mexico_City_Grand_Prix,20,23.0
2023,Mexico City,Mexico_City_Grand_Prix,44,24.0
2023,Mexico City,Mexico_City_Grand_Prix,81,25.0
2023,Mexico City,Mexico_City_Grand_Prix,63,26.0
2023,Mexico City,Mexico_City_Grand_Prix,3,27.0
2023,Mexico City,Mexico_City_Grand_Prix,10,28.0
2023,Mexico City,Mexico_City_Grand_Prix,14,29.0
2023,Mexico City,Mexico_City_Grand_Prix,55,30.0
2023,Mexico City,Mexico_City_Grand_Prix,18,30.0
2023,Mexico City,Mexico_City_Grand_Prix,16,31.0
2023,Mexico City,Mexico_City_Grand_Prix,77,31.0
2023,Mexico City,Mexico_City_Grand_Prix,1,33.0
2023,Mexico City,Mexico_City_Grand_Prix,4,33.0
2023,Mexico City,Mexico_City_Grand_Prix,23,33.0
2023,Mexico City,Mexico_City_Grand_Prix,1,34.0
2023,Mexico City,Mexico_City_Grand_Prix,16,34.0
2023,Mexico City,Mexico_City_Grand_Prix,44,34.0
2023,Mexico City,Mexico_City_Grand_Prix,55,34.0
2023,Mexico City,Mexico_City_Grand_Prix,3,34.0
2023,Mexico City,Mexico_City_Grand_Prix,81,34.0
2023,Mexico City,Mexico_City_Grand_Prix,63,34.0
2023,Mexico City,Mexico_City_Grand_Prix,22,34.0
2023,Mexico City,Mexico_City_Grand_Prix,27,34.0
2023,Mexico City,Mexico_City_Grand_Prix,4,34.0
2023,Mexico City,Mexico_City_Grand_Prix,10,34.0
2023,Mexico City,Mexico_City_Grand_Prix,23,34.0
2023,Mexico City,Mexico_City_Grand_Prix,24,34.0
2023,Mexico City,Mexico_City_Grand_Prix,31,34.0
2023,Mexico City,Mexico_City_Grand_Prix,2,34.0
2023,Mexico City,Mexico_City_Grand_Prix,77,34.0
2023,Mexico City,Mexico_City_Grand_Prix,18,34.0
2023,Mexico City,Mexico_City_Grand_Prix,14,34.0
2023,Interlagos,São_Paulo_Grand_Prix,1,1.0
2023,Interlagos,São_Paulo_Grand_Prix,4,1.0
2023,Interlagos,São_Paulo_Grand_Prix,44,1.0
2023,Interlagos,São_Paulo_Grand_Prix,14,1.0
2023,Interlagos,São_Paulo_Grand_Prix,18,1.0
2023,Interlagos,São_Paulo_Grand_Prix,63,1.0
2023,Interlagos,São_Paulo_Grand_Prix,11,1.0
2023,Interlagos,São_Paulo_Grand_Prix,55,1.0
2023,Interlagos,São_Paulo_Grand_Prix,31,1.0
2023,Interlagos,São_Paulo_Grand_Prix,22,1.0
2023,Interlagos,São_Paulo_Grand_Prix,10,1.0
2023,Interlagos,São_Paulo_Grand_Prix,77,1.0
2023,Interlagos,São_Paulo_Grand_Prix,24,1.0
2023,Interlagos,São_Paulo_Grand_Prix,2,1.0
2023,Interlagos,São_Paulo_Grand_Prix,27,1.0
2023,Interlagos,São_Paulo_Grand_Prix,1,2.0
2023,Interlagos,São_Paulo_Grand_Prix,4,2.0
2023,Interlagos,São_Paulo_Grand_Prix,44,2.0
2023,Interlagos,São_Paulo_Grand_Prix,14,2.0
2023,Interlagos,São_Paulo_Grand_Prix,18,2.0
2023,Interlagos,São_Paulo_Grand_Prix,63,2.0
2023,Interlagos,São_Paulo_Grand_Prix,11,2.0
2023,Interlagos,São_Paulo_Grand_Prix,55,2.0
2023,Interlagos,São_Paulo_Grand_Prix,31,2.0
2023,Interlagos,São_Paulo_Grand_Prix,22,2.0
2023,Interlagos,São_Paulo_Grand_Prix,10,2.0
2023,Interlagos,São_Paulo_Grand_Prix,77,2.0
2023,Interlagos,São_Paulo_Grand_Prix,24,2.0
2023,Interlagos,São_Paulo_Grand_Prix,2,2.0
2023,Interlagos,São_Paulo_Grand_Prix,27,2.0
2023,Interlagos,São_Paulo_Grand_Prix,81,1.0
2023,Interlagos,São_Paulo_Grand_Prix,3,1.0
2023,Interlagos,São_Paulo_Grand_Prix,81,2.0
2023,Interlagos,São_Paulo_Grand_Prix,3,2.0
2023,Interlagos,São_Paulo_Grand_Prix,31,14.0
2023,Interlagos,São_Paulo_Grand_Prix,24,15.0
2023,Interlagos,São_Paulo_Grand_Prix,2,17.0
2023,Interlagos,São_Paulo_Grand_Prix,44,18.0
2023,Interlagos,São_Paulo_Grand_Prix,77,18.0
2023,Interlagos,São_Paulo_Grand_Prix,63,19.0
2023,Interlagos,São_Paulo_Grand_Prix,11,20.0
2023,Interlagos,São_Paulo_Grand_Prix,27,21.0
2023,Interlagos,São_Paulo_Grand_Prix,18,22.0
2023,Interlagos,São_Paulo_Grand_Prix,14,25.0
2023,Interlagos,São_Paulo_Grand_Prix,81,24.0
2023,Interlagos,São_Paulo_Grand_Prix,55,26.0
2023,Interlagos,São_Paulo_Grand_Prix,10,26.0
2023,Interlagos,São_Paulo_Grand_Prix,22,26.0
2023,Interlagos,São_Paulo_Grand_Prix,1,27.0
2023,Interlagos,São_Paulo_Grand_Prix,4,27.0
2023,Interlagos,São_Paulo_Grand_Prix,3,26.0
2023,Interlagos,São_Paulo_Grand_Prix,31,31.0
2023,Interlagos,São_Paulo_Grand_Prix,2,44.0
2023,Interlagos,São_Paulo_Grand_Prix,63,45.0
2023,Interlagos,São_Paulo_Grand_Prix,11,46.0
2023,Interlagos,São_Paulo_Grand_Prix,44,46.0
2023,Interlagos,São_Paulo_Grand_Prix,10,46.0
2023,Interlagos,São_Paulo_Grand_Prix,27,46.0
2023,Interlagos,São_Paulo_Grand_Prix,14,47.0
2023,Interlagos,São_Paulo_Grand_Prix,55,51.0
2023,Interlagos,São_Paulo_Grand_Prix,31,51.0
2023,Interlagos,São_Paulo_Grand_Prix,18,52.0
2023,Interlagos,São_Paulo_Grand_Prix,81,52.0
2023,Interlagos,São_Paulo_Grand_Prix,22,55.0
2023,Interlagos,São_Paulo_Grand_Prix,1,56.0
2023,Interlagos,São_Paulo_Grand_Prix,3,55.0
2023,Interlagos,São_Paulo_Grand_Prix,4,59.0
2023,Las Vegas,Las_Vegas_Grand_Prix,11,1.0
2023,Las Vegas,Las_Vegas_Grand_Prix,14,1.0
2023,Las Vegas,Las_Vegas_Grand_Prix,77,1.0
2023,Las Vegas,Las_Vegas_Grand_Prix,18,3.0
2023,Las Vegas,Las_Vegas_Grand_Prix,55,3.0
2023,Las Vegas,Las_Vegas_Grand_Prix,22,10.0
2023,Las Vegas,Las_Vegas_Grand_Prix,27,12.0
2023,Las Vegas,Las_Vegas_Grand_Prix,20,14.0
2023,Las Vegas,Las_Vegas_Grand_Prix,63,15.0
2023,Las Vegas,Las_Vegas_Grand_Prix,2,15.0
2023,Las Vegas,Las_Vegas_Grand_Prix,1,16.0
2023,Las Vegas,Las_Vegas_Grand_Prix,23,16.0
2023,Las Vegas,Las_Vegas_Grand_Prix,81,16.0
2023,Las Vegas,Las_Vegas_Grand_Prix,10,17.0
2023,Las Vegas,Las_Vegas_Grand_Prix,3,17.0
2023,Las Vegas,Las_Vegas_Grand_Prix,44,17.0
2023,Las Vegas,Las_Vegas_Grand_Prix,31,20.0
2023,Las Vegas,Las_Vegas_Grand_Prix,16,21.0
2023,Las Vegas,Las_Vegas_Grand_Prix,22,21.0
2023,Las Vegas,Las_Vegas_Grand_Prix,77,24.0
2023,Las Vegas,Las_Vegas_Grand_Prix,11,26.0
2023,Las Vegas,Las_Vegas_Grand_Prix,1,26.0
2023,Las Vegas,Las_Vegas_Grand_Prix,18,26.0
2023,Las Vegas,Las_Vegas_Grand_Prix,63,26.0
2023,Las Vegas,Las_Vegas_Grand_Prix,55,26.0
2023,Las Vegas,Las_Vegas_Grand_Prix,14,26.0
2023,Las Vegas,Las_Vegas_Grand_Prix,24,26.0
2023,Las Vegas,Las_Vegas_Grand_Prix,20,26.0
2023,Las Vegas,Las_Vegas_Grand_Prix,27,26.0
2023,Las Vegas,Las_Vegas_Grand_Prix,44,26.0
2023,Las Vegas,Las_Vegas_Grand_Prix,81,43.0
2023,Yas Marina Circuit,Abu_Dhabi_Grand_Prix,20,5.0
2023,Yas Marina Circuit,Abu_Dhabi_Grand_Prix,3,7.0
2023,Yas Marina Circuit,Abu_Dhabi_Grand_Prix,14,12.0
2023,Yas Marina Circuit,Abu_Dhabi_Grand_Prix,81,13.0
2023,Yas Marina Circuit,Abu_Dhabi_Grand_Prix,27,13.0
2023,Yas Marina Circuit,Abu_Dhabi_Grand_Prix,24,13.0
2023,Yas Marina Circuit,Abu_Dhabi_Grand_Prix,63,14.0
2023,Yas Marina Circuit,Abu_Dhabi_Grand_Prix,4,14.0
2023,Yas Marina Circuit,Abu_Dhabi_Grand_Prix,44,15.0
2023,Yas Marina Circuit,Abu_Dhabi_Grand_Prix,31,15.0
2023,Yas Marina Circuit,Abu_Dhabi_Grand_Prix,2,15.0
2023,Yas Marina Circuit,Abu_Dhabi_Grand_Prix,1,16.0
2023,Yas Marina Circuit,Abu_Dhabi_Grand_Prix,23,16.0
2023,Yas Marina Circuit,Abu_Dhabi_Grand_Prix,16,17.0
2023,Yas Marina Circuit,Abu_Dhabi_Grand_Prix,11,17.0
2023,Yas Marina Circuit,Abu_Dhabi_Grand_Prix,10,17.0
2023,Yas Marina Circuit,Abu_Dhabi_Grand_Prix,22,22.0
2023,Yas Marina Circuit,Abu_Dhabi_Grand_Prix,18,22.0
2023,Yas Marina Circuit,Abu_Dhabi_Grand_Prix,20,22.0
2023,Yas Marina Circuit,Abu_Dhabi_Grand_Prix,55,23.0
2023,Yas Marina Circuit,Abu_Dhabi_Grand_Prix,77,29.0
2023,Yas Marina Circuit,Abu_Dhabi_Grand_Prix,3,31.0
2023,Yas Marina Circuit,Abu_Dhabi_Grand_Prix,10,32.0
2023,Yas Marina Circuit,Abu_Dhabi_Grand_Prix,4,33.0
2023,Yas Marina Circuit,Abu_Dhabi_Grand_Prix,27,33.0
2023,Yas Marina Circuit,Abu_Dhabi_Grand_Prix,63,34.0
2023,Yas Marina Circuit,Abu_Dhabi_Grand_Prix,16,35.0
2023,Yas Marina Circuit,Abu_Dhabi_Grand_Prix,44,35.0
2023,Yas Marina Circuit,Abu_Dhabi_Grand_Prix,81,36.0
2023,Yas Marina Circuit,Abu_Dhabi_Grand_Prix,14,36.0
2023,Yas Marina Circuit,Abu_Dhabi_Grand_Prix,24,37.0
2023,Yas Marina Circuit,Abu_Dhabi_Grand_Prix,2,41.0
2023,Yas Marina Circuit,Abu_Dhabi_Grand_Prix,11,42.0
2023,Yas Marina Circuit,Abu_Dhabi_Grand_Prix,18,42.0
2023,Yas Marina Circuit,Abu_Dhabi_Grand_Prix,1,43.0
2023,Yas Marina Circuit,Abu_Dhabi_Grand_Prix,23,43.0
2023,Yas Marina Circuit,Abu_Dhabi_Grand_Prix,55,56.0
2024,Sakhir,Bahrain_Grand_Prix,27,1.0
2024,Sakhir,Bahrain_Grand_Prix,24,9.0
2024,Sakhir,Bahrain_Grand_Prix,18,9.0
2024,Sakhir,Bahrain_Grand_Prix,31,10.0
2024,Sakhir,Bahrain_Grand_Prix,2,10.0
2024,Sakhir,Bahrain_Grand_Prix,63,11.0
2024,Sakhir,Bahrain_Grand_Prix,16,11.0
2024,Sakhir,Bahrain_Grand_Prix,20,11.0
2024,Sakhir,Bahrain_Grand_Prix,11,12.0
2024,Sakhir,Bahrain_Grand_Prix,81,12.0
2024,Sakhir,Bahrain_Grand_Prix,44,12.0
2024,Sakhir,Bahrain_Grand_Prix,10,12.0
2024,Sakhir,Bahrain_Grand_Prix,77,12.0
2024,Sakhir,Bahrain_Grand_Prix,4,13.0
2024,Sakhir,Bahrain_Grand_Prix,3,13.0
2024,Sakhir,Bahrain_Grand_Prix,55,14.0
2024,Sakhir,Bahrain_Grand_Prix,22,14.0
2024,Sakhir,Bahrain_Grand_Prix,14,15.0
2024,Sakhir,Bahrain_Grand_Prix,23,15.0
2024,Sakhir,Bahrain_Grand_Prix,1,17.0
2024,Sakhir,Bahrain_Grand_Prix,27,20.0
2024,Sakhir,Bahrain_Grand_Prix,18,27.0
2024,Sakhir,Bahrain_Grand_Prix,24,28.0
2024,Sakhir,Bahrain_Grand_Prix,2,28.0
2024,Sakhir,Bahrain_Grand_Prix,31,30.0
2024,Sakhir,Bahrain_Grand_Prix,63,31.0
2024,Sakhir,Bahrain_Grand_Prix,77,30.0
2024,Sakhir,Bahrain_Grand_Prix,10,31.0
2024,Sakhir,Bahrain_Grand_Prix,20,32.0
2024,Sakhir,Bahrain_Grand_Prix,4,33.0
2024,Sakhir,Bahrain_Grand_Prix,44,33.0
2024,Sakhir,Bahrain_Grand_Prix,16,34.0
2024,Sakhir,Bahrain_Grand_Prix,81,34.0
2024,Sakhir,Bahrain_Grand_Prix,22,34.0
2024,Sakhir,Bahrain_Grand_Prix,55,35.0
2024,Sakhir,Bahrain_Grand_Prix,3,35.0
2024,Sakhir,Bahrain_Grand_Prix,11,36.0
2024,Sakhir,Bahrain_Grand_Prix,23,36.0
2024,Sakhir,Bahrain_Grand_Prix,1,37.0
2024,Sakhir,Bahrain_Grand_Prix,14,41.0
2024,Sakhir,Bahrain_Grand_Prix,2,40.0
2024,Sakhir,Bahrain_Grand_Prix,27,41.0
2024,Sakhir,Bahrain_Grand_Prix,10,43.0
2024,Jeddah,Saudi_Arabian_Grand_Prix,1,7.0
2024,Jeddah,Saudi_Arabian_Grand_Prix,11,7.0
2024,Jeddah,Saudi_Arabian_Grand_Prix,16,7.0
2024,Jeddah,Saudi_Arabian_Grand_Prix,81,7.0
2024,Jeddah,Saudi_Arabian_Grand_Prix,14,7.0
2024,Jeddah,Saudi_Arabian_Grand_Prix,63,7.0
2024,Jeddah,Saudi_Arabian_Grand_Prix,22,7.0
2024,Jeddah,Saudi_Arabian_Grand_Prix,38,7.0
2024,Jeddah,Saudi_Arabian_Grand_Prix,20,7.0
2024,Jeddah,Saudi_Arabian_Grand_Prix,23,7.0
2024,Jeddah,Saudi_Arabian_Grand_Prix,31,7.0
2024,Jeddah,Saudi_Arabian_Grand_Prix,77,7.0
2024,Jeddah,Saudi_Arabian_Grand_Prix,2,7.0
2024,Jeddah,Saudi_Arabian_Grand_Prix,3,7.0
2024,Jeddah,Saudi_Arabian_Grand_Prix,27,33.0
2024,Jeddah,Saudi_Arabian_Grand_Prix,77,35.0
2024,Jeddah,Saudi_Arabian_Grand_Prix,44,36.0
2024,Jeddah,Saudi_Arabian_Grand_Prix,4,37.0
2024,Jeddah,Saudi_Arabian_Grand_Prix,24,41.0
2024,Melbourne,Australian_Grand_Prix,3,5.0
2024,Melbourne,Australian_Grand_Prix,23,6.0
2024,Melbourne,Australian_Grand_Prix,24,6.0
2024,Melbourne,Australian_Grand_Prix,44,7.0
2024,Melbourne,Australian_Grand_Prix,20,7.0
2024,Melbourne,Australian_Grand_Prix,63,8.0
2024,Melbourne,Australian_Grand_Prix,18,8.0
2024,Melbourne,Australian_Grand_Prix,77,8.0
2024,Melbourne,Australian_Grand_Prix,16,9.0
2024,Melbourne,Australian_Grand_Prix,81,9.0
2024,Melbourne,Australian_Grand_Prix,22,9.0
2024,Melbourne,Australian_Grand_Prix,31,9.0
2024,Melbourne,Australian_Grand_Prix,4,14.0
2024,Melbourne,Australian_Grand_Prix,11,14.0
2024,Melbourne,Australian_Grand_Prix,55,16.0
2024,Melbourne,Australian_Grand_Prix,31,16.0
2024,Melbourne,Australian_Grand_Prix,14,17.0
2024,Melbourne,Australian_Grand_Prix,27,17.0
2024,Melbourne,Australian_Grand_Prix,10,17.0
2024,Melbourne,Australian_Grand_Prix,23,27.0
2024,Melbourne,Australian_Grand_Prix,3,29.0
2024,Melbourne,Australian_Grand_Prix,20,33.0
2024,Melbourne,Australian_Grand_Prix,16,34.0
2024,Melbourne,Australian_Grand_Prix,11,35.0
2024,Melbourne,Australian_Grand_Prix,27,35.0
2024,Melbourne,Australian_Grand_Prix,24,35.0
2024,Melbourne,Australian_Grand_Prix,22,36.0
2024,Melbourne,Australian_Grand_Prix,77,36.0
2024,Melbourne,Australian_Grand_Prix,18,37.0
2024,Melbourne,Australian_Grand_Prix,81,39.0
2024,Melbourne,Australian_Grand_Prix,4,40.0
2024,Melbourne,Australian_Grand_Prix,55,41.0
2024,Melbourne,Australian_Grand_Prix,14,41.0
2024,Melbourne,Australian_Grand_Prix,10,41.0
2024,Melbourne,Australian_Grand_Prix,31,42.0
2024,Melbourne,Australian_Grand_Prix,63,45.0
2024,Suzuka,Japanese_Grand_Prix,1,1.0
2024,Suzuka,Japanese_Grand_Prix,11,1.0
2024,Suzuka,Japanese_Grand_Prix,4,1.0
2024,Suzuka,Japanese_Grand_Prix,55,1.0
2024,Suzuka,Japanese_Grand_Prix,14,1.0
2024,Suzuka,Japanese_Grand_Prix,81,1.0
2024,Suzuka,Japanese_Grand_Prix,44,1.0
2024,Suzuka,Japanese_Grand_Prix,16,1.0
2024,Suzuka,Japanese_Grand_Prix,63,1.0
2024,Suzuka,Japanese_Grand_Prix,27,1.0
2024,Suzuka,Japanese_Grand_Prix,77,1.0
2024,Suzuka,Japanese_Grand_Prix,22,1.0
2024,Suzuka,Japanese_Grand_Prix,31,1.0
2024,Suzuka,Japanese_Grand_Prix,10,1.0
2024,Suzuka,Japanese_Grand_Prix,18,1.0
2024,Suzuka,Japanese_Grand_Prix,20,1.0
2024,Suzuka,Japanese_Grand_Prix,2,1.0
2024,Suzuka,Japanese_Grand_Prix,24,1.0
2024,Suzuka,Japanese_Grand_Prix,27,5.0
2024,Suzuka,Japanese_Grand_Prix,77,6.0
2024,Suzuka,Japanese_Grand_Prix,22,7.0
2024,Suzuka,Japanese_Grand_Prix,24,7.0
2024,Suzuka,Japanese_Grand_Prix,4,11.0
2024,Suzuka,Japanese_Grand_Prix,24,11.0
2024,Suzuka,Japanese_Grand_Prix,81,12.0
2024,Suzuka,Japanese_Grand_Prix,18,12.0
2024,Suzuka,Japanese_Grand_Prix,14,13.0
2024,Suzuka,Japanese_Grand_Prix,11,15.0
2024,Suzuka,Japanese_Grand_Prix,55,15.0
2024,Suzuka,Japanese_Grand_Prix,1,16.0
2024,Suzuka,Japanese_Grand_Prix,10,16.0
2024,Suzuka,Japanese_Grand_Prix,31,19.0
2024,Suzuka,Japanese_Grand_Prix,63,22.0
2024,Suzuka,Japanese_Grand_Prix,22,22.0
2024,Suzuka,Japanese_Grand_Prix,20,22.0
2024,Suzuka,Japanese_Grand_Prix,18,22.0
2024,Suzuka,Japanese_Grand_Prix,77,22.0
2024,Suzuka,Japanese_Grand_Prix,2,22.0
2024,Suzuka,Japanese_Grand_Prix,44,23.0
2024,Suzuka,Japanese_Grand_Prix,16,26.0
2024,Suzuka,Japanese_Grand_Prix,4,26.0
2024,Suzuka,Japanese_Grand_Prix,81,32.0
2024,Suzuka,Japanese_Grand_Prix,10,32.0
2024,Suzuka,Japanese_Grand_Prix,11,33.0
2024,Suzuka,Japanese_Grand_Prix,14,33.0
2024,Suzuka,Japanese_Grand_Prix,27,33.0
2024,Suzuka,Japanese_Grand_Prix,31,33.0
2024,Suzuka,Japanese_Grand_Prix,1,34.0
2024,Suzuka,Japanese_Grand_Prix,18,34.0
2024,Suzuka,Japanese_Grand_Prix,2,34.0
2024,Suzuka,Japanese_Grand_Prix,55,36.0
2024,Suzuka,Japanese_Grand_Prix,63,37.0
2024,Suzuka,Japanese_Grand_Prix,44,39.0
2024,Suzuka,Japanese_Grand_Prix,2,41.0
2024,Shanghai,Chinese_Grand_Prix,27,8.0
2024,Shanghai,Chinese_Grand_Prix,22,8.0
2024,Shanghai,Chinese_Grand_Prix,24,8.0
2024,Shanghai,Chinese_Grand_Prix,18,9.0
2024,Shanghai,Chinese_Grand_Prix,77,9.0
2024,Shanghai,Chinese_Grand_Prix,31,9.0
2024,Shanghai,Chinese_Grand_Prix,23,9.0
2024,Shanghai,Chinese_Grand_Prix,44,9.0
2024,Shanghai,Chinese_Grand_Prix,14,11.0
2024,Shanghai,Chinese_Grand_Prix,63,11.0
2024,Shanghai,Chinese_Grand_Prix,10,11.0
2024,Shanghai,Chinese_Grand_Prix,2,12.0
2024,Shanghai,Chinese_Grand_Prix,1,13.0
2024,Shanghai,Chinese_Grand_Prix,11,13.0
2024,Shanghai,Chinese_Grand_Prix,3,14.0
2024,Shanghai,Chinese_Grand_Prix,81,16.0
2024,Shanghai,Chinese_Grand_Prix,55,17.0
2024,Shanghai,Chinese_Grand_Prix,20,17.0
2024,Shanghai,Chinese_Grand_Prix,16,21.0
2024,Shanghai,Chinese_Grand_Prix,18,21.0
2024,Shanghai,Chinese_Grand_Prix,44,21.0
2024,Shanghai,Chinese_Grand_Prix,4,22.0
2024,Shanghai,Chinese_Grand_Prix,1,23.0
2024,Shanghai,Chinese_Grand_Prix,11,23.0
2024,Shanghai,Chinese_Grand_Prix,14,23.0
2024,Shanghai,Chinese_Grand_Prix,63,23.0
2024,Shanghai,Chinese_Grand_Prix,27,23.0
2024,Shanghai,Chinese_Grand_Prix,31,23.0
2024,Shanghai,Chinese_Grand_Prix,22,23.0
2024,Shanghai,Chinese_Grand_Prix,23,23.0
2024,Shanghai,Chinese_Grand_Prix,24,23.0
2024,Shanghai,Chinese_Grand_Prix,10,23.0
2024,Shanghai,Chinese_Grand_Prix,81,24.0
2024,Shanghai,Chinese_Grand_Prix,2,24.0
2024,Shanghai,Chinese_Grand_Prix,18,26.0
2024,Shanghai,Chinese_Grand_Prix,20,27.0
2024,Shanghai,Chinese_Grand_Prix,18,35.0
2024,Shanghai,Chinese_Grand_Prix,10,38.0
2024,Shanghai,Chinese_Grand_Prix,24,40.0
2024,Shanghai,Chinese_Grand_Prix,14,43.0
2024,Miami,Miami_Grand_Prix,23,10.0
2024,Miami,Miami_Grand_Prix,18,11.0
2024,Miami,Miami_Grand_Prix,2,11.0
2024,Miami,Miami_Grand_Prix,77,11.0
2024,Miami,Miami_Grand_Prix,27,12.0
2024,Miami,Miami_Grand_Prix,10,12.0
2024,Miami,Miami_Grand_Prix,11,17.0
2024,Miami,Miami_Grand_Prix,16,19.0
2024,Miami,Miami_Grand_Prix,31,22.0
2024,Miami,Miami_Grand_Prix,14,22.0
2024,Miami,Miami_Grand_Prix,20,22.0
2024,Miami,Miami_Grand_Prix,1,23.0
2024,Miami,Miami_Grand_Prix,63,24.0
2024,Miami,Miami_Grand_Prix,44,26.0
2024,Miami,Miami_Grand_Prix,81,27.0
2024,Miami,Miami_Grand_Prix,55,27.0
2024,Miami,Miami_Grand_Prix,11,28.0
2024,Miami,Miami_Grand_Prix,22,28.0
2024,Miami,Miami_Grand_Prix,24,28.0
2024,Miami,Miami_Grand_Prix,3,28.0
2024,Miami,Miami_Grand_Prix,27,28.0
2024,Miami,Miami_Grand_Prix,18,28.0
2024,Miami,Miami_Grand_Prix,20,28.0
2024,Miami,Miami_Grand_Prix,4,29.0
2024,Miami,Miami_Grand_Prix,77,29.0
2024,Miami,Miami_Grand_Prix,20,31.0
2024,Miami,Miami_Grand_Prix,81,40.0
2024,Miami,Miami_Grand_Prix,23,53.0
2024,Imola,Emilia_Romagna_Grand_Prix,14,7.0
2024,Imola,Emilia_Romagna_Grand_Prix,23,8.0
2024,Imola,Emilia_Romagna_Grand_Prix,10,8.0
2024,Imola,Emilia_Romagna_Grand_Prix,77,8.0
2024,Imola,Emilia_Romagna_Grand_Prix,23,9.0
2024,Imola,Emilia_Romagna_Grand_Prix,3,11.0
2024,Imola,Emilia_Romagna_Grand_Prix,22,12.0
2024,Imola,Emilia_Romagna_Grand_Prix,27,13.0
2024,Imola,Emilia_Romagna_Grand_Prix,63,21.0
2024,Imola,Emilia_Romagna_Grand_Prix,4,22.0
2024,Imola,Emilia_Romagna_Grand_Prix,81,23.0
2024,Imola,Emilia_Romagna_Grand_Prix,1,24.0
2024,Imola,Emilia_Romagna_Grand_Prix,23,23.0
2024,Imola,Emilia_Romagna_Grand_Prix,16,25.0
2024,Imola,Emilia_Romagna_Grand_Prix,31,25.0
2024,Imola,Emilia_Romagna_Grand_Prix,55,27.0
2024,Imola,Emilia_Romagna_Grand_Prix,44,27.0
2024,Imola,Emilia_Romagna_Grand_Prix,23,28.0
2024,Imola,Emilia_Romagna_Grand_Prix,10,30.0
2024,Imola,Emilia_Romagna_Grand_Prix,2,31.0
2024,Imola,Emilia_Romagna_Grand_Prix,24,33.0
2024,Imola,Emilia_Romagna_Grand_Prix,11,37.0
2024,Imola,Emilia_Romagna_Grand_Prix,18,37.0
2024,Imola,Emilia_Romagna_Grand_Prix,20,37.0
2024,Imola,Emilia_Romagna_Grand_Prix,14,40.0
2024,Imola,Emilia_Romagna_Grand_Prix,63,52.0
2024,Imola,Emilia_Romagna_Grand_Prix,14,59.0
2024,Monte Carlo,Monaco_Grand_Prix,16,1.0
2024,Monte Carlo,Monaco_Grand_Prix,81,1.0
2024,Monte Carlo,Monaco_Grand_Prix,55,1.0
2024,Monte Carlo,Monaco_Grand_Prix,4,1.0
2024,Monte Carlo,Monaco_Grand_Prix,63,1.0
2024,Monte Carlo,Monaco_Grand_Prix,1,1.0
2024,Monte Carlo,Monaco_Grand_Prix,44,1.0
2024,Monte Carlo,Monaco_Grand_Prix,22,1.0
2024,Monte Carlo,Monaco_Grand_Prix,23,1.0
2024,Monte Carlo,Monaco_Grand_Prix,10,1.0
2024,Monte Carlo,Monaco_Grand_Prix,18,1.0
2024,Monte Carlo,Monaco_Grand_Prix,3,1.0
2024,Monte Carlo,Monaco_Grand_Prix,14,1.0
2024,Monte Carlo,Monaco_Grand_Prix,2,1.0
2024,Monte Carlo,Monaco_Grand_Prix,77,1.0
2024,Monte Carlo,Monaco_Grand_Prix,24,1.0
2024,Monte Carlo,Monaco_Grand_Prix,77,15.0
2024,Monte Carlo,Monaco_Grand_Prix,18,42.0
2024,Monte Carlo,Monaco_Grand_Prix,18,48.0
2024,Monte Carlo,Monaco_Grand_Prix,44,51.0
2024,Monte Carlo,Monaco_Grand_Prix,1,52.0
2024,Monte Carlo,Monaco_Grand_Prix,2,57.0
2024,Monte Carlo,Monaco_Grand_Prix,24,70.0
2024,Montreal,Canadian_Grand_Prix,20,7.0
2024,Montreal,Canadian_Grand_Prix,27,12.0
2024,Montreal,Canadian_Grand_Prix,24,24.0
2024,Montreal,Canadian_Grand_Prix,1,25.0
2024,Montreal,Canadian_Grand_Prix,63,25.0
2024,Montreal,Canadian_Grand_Prix,81,25.0
2024,Montreal,Canadian_Grand_Prix,44,25.0
2024,Montreal,Canadian_Grand_Prix,14,25.0
2024,Montreal,Canadian_Grand_Prix,18,25.0
2024,Montreal,Canadian_Grand_Prix,23,25.0
2024,Montreal,Canadian_Grand_Prix,16,25.0
2024,Montreal,Canadian_Grand_Prix,55,25.0
2024,Montreal,Canadian_Grand_Prix,20,25.0
2024,Montreal,Canadian_Grand_Prix,10,25.0
2024,Montreal,Canadian_Grand_Prix,11,25.0
2024,Montreal,Canadian_Grand_Prix,27,25.0
2024,Montreal,Canadian_Grand_Prix,4,26.0
2024,Montreal,Canadian_Grand_Prix,3,26.0
2024,Montreal,Canadian_Grand_Prix,16,28.0
2024,Montreal,Canadian_Grand_Prix,16,31.0
2024,Montreal,Canadian_Grand_Prix,10,40.0
2024,Montreal,Canadian_Grand_Prix,20,41.0
2024,Montreal,Canadian_Grand_Prix,77,42.0
2024,Montreal,Canadian_Grand_Prix,44,43.0
2024,Montreal,Canadian_Grand_Prix,3,43.0
2024,Montreal,Canadian_Grand_Prix,55,43.0
2024,Montreal,Canadian_Grand_Prix,11,43.0
2024,Montreal,Canadian_Grand_Prix,81,44.0
2024,Montreal,Canadian_Grand_Prix,14,44.0
2024,Montreal,Canadian_Grand_Prix,22,44.0
2024,Montreal,Canadian_Grand_Prix,18,44.0
2024,Montreal,Canadian_Grand_Prix,31,44.0
2024,Montreal,Canadian_Grand_Prix,23,44.0
2024,Montreal,Canadian_Grand_Prix,27,44.0
2024,Montreal,Canadian_Grand_Prix,1,45.0
2024,Montreal,Canadian_Grand_Prix,63,45.0
2024,Montreal,Canadian_Grand_Prix,24,44.0
2024,Montreal,Canadian_Grand_Prix,4,47.0
2024,Montreal,Canadian_Grand_Prix,24,52.0
2024,Montreal,Canadian_Grand_Prix,63,54.0
2024,Montreal,Canadian_Grand_Prix,44,54.0
2024,Montreal,Canadian_Grand_Prix,20,54.0
2024,Catalunya,Spanish_Grand_Prix,24,9.0
2024,Catalunya,Spanish_Grand_Prix,22,9.0
2024,Catalunya,Spanish_Grand_Prix,20,10.0
2024,Catalunya,Spanish_Grand_Prix,77,11.0
2024,Catalunya,Spanish_Grand_Prix,27,12.0
2024,Catalunya,Spanish_Grand_Prix,31,13.0
2024,Catalunya,Spanish_Grand_Prix,11,13.0
2024,Catalunya,Spanish_Grand_Prix,10,14.0
2024,Catalunya,Spanish_Grand_Prix,2,14.0
2024,Catalunya,Spanish_Grand_Prix,63,15.0
2024,Catalunya,Spanish_Grand_Prix,55,15.0
2024,Catalunya,Spanish_Grand_Prix,44,16.0
2024,Catalunya,Spanish_Grand_Prix,3,16.0
2024,Catalunya,Spanish_Grand_Prix,1,17.0
2024,Catalunya,Spanish_Grand_Prix,18,17.0
2024,Catalunya,Spanish_Grand_Prix,23,18.0
2024,Catalunya,Spanish_Grand_Prix,14,19.0
2024,Catalunya,Spanish_Grand_Prix,81,21.0
2024,Catalunya,Spanish_Grand_Prix,4,23.0
2024,Catalunya,Spanish_Grand_Prix,16,24.0
2024,Catalunya,Spanish_Grand_Prix,22,27.0
2024,Catalunya,Spanish_Grand_Prix,77,28.0
2024,Catalunya,Spanish_Grand_Prix,20,29.0
2024,Catalunya,Spanish_Grand_Prix,11,31.0
2024,Catalunya,Spanish_Grand_Prix,2,34.0
2024,Catalunya,Spanish_Grand_Prix,63,36.0
2024,Catalunya,Spanish_Grand_Prix,55,36.0
2024,Catalunya,Spanish_Grand_Prix,31,37.0
2024,Catalunya,Spanish_Grand_Prix,18,37.0
2024,Catalunya,Spanish_Grand_Prix,10,38.0
2024,Catalunya,Spanish_Grand_Prix,27,38.0
2024,Catalunya,Spanish_Grand_Prix,24,41.0
2024,Catalunya,Spanish_Grand_Prix,3,42.0
2024,Catalunya,Spanish_Grand_Prix,44,43.0
2024,Catalunya,Spanish_Grand_Prix,1,44.0
2024,Catalunya,Spanish_Grand_Prix,23,43.0
2024,Catalunya,Spanish_Grand_Prix,22,44.0
2024,Catalunya,Spanish_Grand_Prix,14,45.0
2024,Catalunya,Spanish_Grand_Prix,81,46.0
2024,Catalunya,Spanish_Grand_Prix,4,47.0
2024,Catalunya,Spanish_Grand_Prix,16,47.0
2024,Catalunya,Spanish_Grand_Prix,11,49.0
2024,Spielberg,Austrian_Grand_Prix,16,1.0
2024,Spielberg,Austrian_Grand_Prix,2,1.0
2024,Spielberg,Austrian_Grand_Prix,20,10.0
2024,Spielberg,Austrian_Grand_Prix,3,10.0
2024,Spielberg,Austrian_Grand_Prix,27,11.0
2024,Spielberg,Austrian_Grand_Prix,14,11.0
2024,Spielberg,Austrian_Grand_Prix,23,12.0
2024,Spielberg,Austrian_Grand_Prix,16,16.0
2024,Spielberg,Austrian_Grand_Prix,31,19.0
2024,Spielberg,Austrian_Grand_Prix,77,19.0
2024,Spielberg,Austrian_Grand_Prix,10,20.0
2024,Spielberg,Austrian_Grand_Prix,18,20.0
2024,Spielberg,Austrian_Grand_Prix,2,20.0
2024,Spielberg,Austrian_Grand_Prix,44,21.0
2024,Spielberg,Austrian_Grand_Prix,11,21.0
2024,Spielberg,Austrian_Grand_Prix,22,21.0
2024,Spielberg,Austrian_Grand_Prix,63,22.0
2024,Spielberg,Austrian_Grand_Prix,55,22.0
2024,Spielberg,Austrian_Grand_Prix,1,23.0
2024,Spielberg,Austrian_Grand_Prix,4,23.0
2024,Spielberg,Austrian_Grand_Prix,81,25.0
2024,Spielberg,Austrian_Grand_Prix,24,28.0
2024,Spielberg,Austrian_Grand_Prix,16,33.0
2024,Spielberg,Austrian_Grand_Prix,14,35.0
2024,Spielberg,Austrian_Grand_Prix,3,37.0
2024,Spielberg,Austrian_Grand_Prix,20,38.0
2024,Spielberg,Austrian_Grand_Prix,27,39.0
2024,Spielberg,Austrian_Grand_Prix,23,39.0
2024,Spielberg,Austrian_Grand_Prix,10,42.0
2024,Spielberg,Austrian_Grand_Prix,77,42.0
2024,Spielberg,Austrian_Grand_Prix,31,43.0
2024,Spielberg,Austrian_Grand_Prix,18,43.0
2024,Spielberg,Austrian_Grand_Prix,22,44.0
2024,Spielberg,Austrian_Grand_Prix,63,46.0
2024,Spielberg,Austrian_Grand_Prix,55,47.0
2024,Spielberg,Austrian_Grand_Prix,2,49.0
2024,Spielberg,Austrian_Grand_Prix,1,51.0
2024,Spielberg,Austrian_Grand_Prix,4,51.0
2024,Spielberg,Austrian_Grand_Prix,81,51.0
2024,Spielberg,Austrian_Grand_Prix,11,51.0
2024,Spielberg,Austrian_Grand_Prix,16,51.0
2024,Spielberg,Austrian_Grand_Prix,24,51.0
2024,Spielberg,Austrian_Grand_Prix,44,53.0
2024,Spielberg,Austrian_Grand_Prix,1,64.0
2024,Spielberg,Austrian_Grand_Prix,14,68.0
2024,Silverstone,British_Grand_Prix,24,12.0
2024,Silverstone,British_Grand_Prix,16,19.0
2024,Silverstone,British_Grand_Prix,11,19.0
2024,Silverstone,British_Grand_Prix,31,19.0
2024,Silverstone,British_Grand_Prix,24,19.0
2024,Silverstone,British_Grand_Prix,31,21.0
2024,Silverstone,British_Grand_Prix,1,26.0
2024,Silverstone,British_Grand_Prix,55,26.0
2024,Silverstone,British_Grand_Prix,27,26.0
2024,Silverstone,British_Grand_Prix,18,26.0
2024,Silverstone,British_Grand_Prix,3,26.0
2024,Silverstone,British_Grand_Prix,77,26.0
2024,Silverstone,British_Grand_Prix,4,27.0
2024,Silverstone,British_Grand_Prix,44,27.0
2024,Silverstone,British_Grand_Prix,63,27.0
2024,Silverstone,British_Grand_Prix,14,27.0
2024,Silverstone,British_Grand_Prix,22,27.0
2024,Silverstone,British_Grand_Prix,31,26.0
2024,Silverstone,British_Grand_Prix,23,27.0
2024,Silverstone,British_Grand_Prix,20,27.0
2024,Silverstone,British_Grand_Prix,2,27.0
2024,Silverstone,British_Grand_Prix,24,26.0
2024,Silverstone,British_Grand_Prix,81,28.0
2024,Silverstone,British_Grand_Prix,16,27.0
2024,Silverstone,British_Grand_Prix,11,28.0
2024,Silverstone,British_Grand_Prix,20,37.0
2024,Silverstone,British_Grand_Prix,3,37.0
2024,Silverstone,British_Grand_Prix,77,37.0
2024,Silverstone,British_Grand_Prix,44,38.0
2024,Silverstone,British_Grand_Prix,1,38.0
2024,Silverstone,British_Grand_Prix,81,38.0
2024,Silverstone,British_Grand_Prix,16,37.0
2024,Silverstone,British_Grand_Prix,11,37.0
2024,Silverstone,British_Grand_Prix,14,38.0
2024,Silverstone,British_Grand_Prix,22,38.0
2024,Silverstone,British_Grand_Prix,23,38.0
2024,Silverstone,British_Grand_Prix,2,38.0
2024,Silverstone,British_Grand_Prix,4,39.0
2024,Silverstone,British_Grand_Prix,24,37.0
2024,Silverstone,British_Grand_Prix,55,39.0
2024,Silverstone,British_Grand_Prix,27,39.0
2024,Silverstone,British_Grand_Prix,18,39.0
2024,Silverstone,British_Grand_Prix,31,38.0
2024,Silverstone,British_Grand_Prix,11,47.0
2024,Silverstone,British_Grand_Prix,55,50.0
2024,Hungaroring,Hungarian_Grand_Prix,27,2.0
2024,Hungaroring,Hungarian_Grand_Prix,23,6.0
2024,Hungaroring,Hungarian_Grand_Prix,20,6.0
2024,Hungaroring,Hungarian_Grand_Prix,31,6.0
2024,Hungaroring,Hungarian_Grand_Prix,14,7.0
2024,Hungaroring,Hungarian_Grand_Prix,3,7.0
2024,Hungaroring,Hungarian_Grand_Prix,24,7.0
2024,Hungaroring,Hungarian_Grand_Prix,2,8.0
2024,Hungaroring,Hungarian_Grand_Prix,18,14.0
2024,Hungaroring,Hungarian_Grand_Prix,44,16.0
2024,Hungaroring,Hungarian_Grand_Prix,77,16.0
2024,Hungaroring,Hungarian_Grand_Prix,4,17.0
2024,Hungaroring,Hungarian_Grand_Prix,81,18.0
2024,Hungaroring,Hungarian_Grand_Prix,1,21.0
2024,Hungaroring,Hungarian_Grand_Prix,55,21.0
2024,Hungaroring,Hungarian_Grand_Prix,16,23.0
2024,Hungaroring,Hungarian_Grand_Prix,11,28.0
2024,Hungaroring,Hungarian_Grand_Prix,10,28.0
2024,Hungaroring,Hungarian_Grand_Prix,3,28.0
2024,Hungaroring,Hungarian_Grand_Prix,22,29.0
2024,Hungaroring,Hungarian_Grand_Prix,27,29.0
2024,Hungaroring,Hungarian_Grand_Prix,23,29.0
2024,Hungaroring,Hungarian_Grand_Prix,31,30.0
2024,Hungaroring,Hungarian_Grand_Prix,63,33.0
2024,Hungaroring,Hungarian_Grand_Prix,2,33.0
2024,Hungaroring,Hungarian_Grand_Prix,20,34.0
2024,Hungaroring,Hungarian_Grand_Prix,24,36.0
2024,Hungaroring,Hungarian_Grand_Prix,14,37.0
2024,Hungaroring,Hungarian_Grand_Prix,44,40.0
2024,Hungaroring,Hungarian_Grand_Prix,16,40.0
2024,Hungaroring,Hungarian_Grand_Prix,4,45.0
2024,Hungaroring,Hungarian_Grand_Prix,18,45.0
2024,Hungaroring,Hungarian_Grand_Prix,77,45.0
2024,Hungaroring,Hungarian_Grand_Prix,81,47.0
2024,Hungaroring,Hungarian_Grand_Prix,55,47.0
2024,Hungaroring,Hungarian_Grand_Prix,11,47.0
2024,Hungaroring,Hungarian_Grand_Prix,1,49.0
2024,Hungaroring,Hungarian_Grand_Prix,63,53.0
2024,Hungaroring,Hungarian_Grand_Prix,2,63.0
2024,Hungaroring,Hungarian_Grand_Prix,31,64.0
2024,Spa-Francorchamps,Belgian_Grand_Prix,27,7.0
2024,Spa-Francorchamps,Belgian_Grand_Prix,23,8.0
2024,Spa-Francorchamps,Belgian_Grand_Prix,3,8.0
2024,Spa-Francorchamps,Belgian_Grand_Prix,2,8.0
2024,Spa-Francorchamps,Belgian_Grand_Prix,10,9.0
2024,Spa-Francorchamps,Belgian_Grand_Prix,63,10.0
2024,Spa-Francorchamps,Belgian_Grand_Prix,1,10.0
2024,Spa-Francorchamps,Belgian_Grand_Prix,44,11.0
2024,Spa-Francorchamps,Belgian_Grand_Prix,11,11.0
2024,Spa-Francorchamps,Belgian_Grand_Prix,81,11.0
2024,Spa-Francorchamps,Belgian_Grand_Prix,77,11.0
2024,Spa-Francorchamps,Belgian_Grand_Prix,16,12.0
2024,Spa-Francorchamps,Belgian_Grand_Prix,31,12.0
2024,Spa-Francorchamps,Belgian_Grand_Prix,18,12.0
2024,Spa-Francorchamps,Belgian_Grand_Prix,14,13.0
2024,Spa-Francorchamps,Belgian_Grand_Prix,4,15.0
2024,Spa-Francorchamps,Belgian_Grand_Prix,22,15.0
2024,Spa-Francorchamps,Belgian_Grand_Prix,20,17.0
2024,Spa-Francorchamps,Belgian_Grand_Prix,55,20.0
2024,Spa-Francorchamps,Belgian_Grand_Prix,27,20.0
2024,Spa-Francorchamps,Belgian_Grand_Prix,11,21.0
2024,Spa-Francorchamps,Belgian_Grand_Prix,3,21.0
2024,Spa-Francorchamps,Belgian_Grand_Prix,23,23.0
2024,Spa-Francorchamps,Belgian_Grand_Prix,2,24.0
2024,Spa-Francorchamps,Belgian_Grand_Prix,16,25.0
2024,Spa-Francorchamps,Belgian_Grand_Prix,44,26.0
2024,Spa-Francorchamps,Belgian_Grand_Prix,1,28.0
2024,Spa-Francorchamps,Belgian_Grand_Prix,55,28.0
2024,Spa-Francorchamps,Belgian_Grand_Prix,10,28.0
2024,Spa-Francorchamps,Belgian_Grand_Prix,4,29.0
2024,Spa-Francorchamps,Belgian_Grand_Prix,81,30.0
2024,Spa-Francorchamps,Belgian_Grand_Prix,31,30.0
2024,Spa-Francorchamps,Belgian_Grand_Prix,77,35.0
2024,Spa-Francorchamps,Belgian_Grand_Prix,11,42.0
2024,Zandvoort,Dutch_Grand_Prix,23,12.0
2024,Zandvoort,Dutch_Grand_Prix,27,14.0
2024,Zandvoort,Dutch_Grand_Prix,22,14.0
2024,Zandvoort,Dutch_Grand_Prix,77,15.0
2024,Zandvoort,Dutch_Grand_Prix,24,18.0
2024,Zandvoort,Dutch_Grand_Prix,2,22.0
2024,Zandvoort,Dutch_Grand_Prix,44,23.0
2024,Zandvoort,Dutch_Grand_Prix,16,24.0
2024,Zandvoort,Dutch_Grand_Prix,63,25.0
2024,Zandvoort,Dutch_Grand_Prix,1,27.0
2024,Zandvoort,Dutch_Grand_Prix,4,28.0
2024,Zandvoort,Dutch_Grand_Prix,11,29.0
2024,Zandvoort,Dutch_Grand_Prix,3,29.0
2024,Zandvoort,Dutch_Grand_Prix,55,30.0
2024,Zandvoort,Dutch_Grand_Prix,18,30.0
2024,Zandvoort,Dutch_Grand_Prix,31,30.0
2024,Zandvoort,Dutch_Grand_Prix,14,31.0
2024,Zandvoort,Dutch_Grand_Prix,10,32.0
2024,Zandvoort,Dutch_Grand_Prix,22,32.0
2024,Zandvoort,Dutch_Grand_Prix,81,33.0
2024,Zandvoort,Dutch_Grand_Prix,20,40.0
2024,Zandvoort,Dutch_Grand_Prix,77,43.0
2024,Zandvoort,Dutch_Grand_Prix,44,48.0
2024,Zandvoort,Dutch_Grand_Prix,24,51.0
2024,Zandvoort,Dutch_Grand_Prix,63,54.0
2024,Zandvoort,Dutch_Grand_Prix,23,54.0
2024,Monza,Italian_Grand_Prix,27,5.0
2024,Monza,Italian_Grand_Prix,10,10.0
2024,Monza,Italian_Grand_Prix,63,11.0
2024,Monza,Italian_Grand_Prix,3,11.0
2024,Monza,Italian_Grand_Prix,14,12.0
2024,Monza,Italian_Grand_Prix,4,14.0
2024,Monza,Italian_Grand_Prix,20,14.0
2024,Monza,Italian_Grand_Prix,16,15.0
2024,Monza,Italian_Grand_Prix,44,15.0
2024,Monza,Italian_Grand_Prix,24,15.0
2024,Monza,Italian_Grand_Prix,81,16.0
2024,Monza,Italian_Grand_Prix,43,16.0
2024,Monza,Italian_Grand_Prix,23,17.0
2024,Monza,Italian_Grand_Prix,55,19.0
2024,Monza,Italian_Grand_Prix,18,19.0
2024,Monza,Italian_Grand_Prix,1,22.0
2024,Monza,Italian_Grand_Prix,11,23.0
2024,Monza,Italian_Grand_Prix,10,30.0
2024,Monza,Italian_Grand_Prix,31,31.0
2024,Monza,Italian_Grand_Prix,4,32.0
2024,Monza,Italian_Grand_Prix,27,32.0
2024,Monza,Italian_Grand_Prix,63,33.0
2024,Monza,Italian_Grand_Prix,77,33.0
2024,Monza,Italian_Grand_Prix,11,35.0
2024,Monza,Italian_Grand_Prix,14,35.0
2024,Monza,Italian_Grand_Prix,18,36.0
2024,Monza,Italian_Grand_Prix,44,37.0
2024,Monza,Italian_Grand_Prix,81,38.0
2024,Monza,Italian_Grand_Prix,1,41.0
2024,Monza,Italian_Grand_Prix,18,50.0
2024,Baku,Azerbaijan_Grand_Prix,18,1.0
2024,Baku,Azerbaijan_Grand_Prix,43,10.0
2024,Baku,Azerbaijan_Grand_Prix,14,11.0
2024,Baku,Azerbaijan_Grand_Prix,77,11.0
2024,Baku,Azerbaijan_Grand_Prix,1,12.0
2024,Baku,Azerbaijan_Grand_Prix,63,12.0
2024,Baku,Azerbaijan_Grand_Prix,44,12.0
2024,Baku,Azerbaijan_Grand_Prix,22,12.0
2024,Baku,Azerbaijan_Grand_Prix,11,13.0
2024,Baku,Azerbaijan_Grand_Prix,50,14.0
2024,Baku,Azerbaijan_Grand_Prix,81,15.0
2024,Baku,Azerbaijan_Grand_Prix,27,15.0
2024,Baku,Azerbaijan_Grand_Prix,16,16.0
2024,Baku,Azerbaijan_Grand_Prix,55,17.0
2024,Baku,Azerbaijan_Grand_Prix,18,22.0
2024,Baku,Azerbaijan_Grand_Prix,23,31.0
2024,Baku,Azerbaijan_Grand_Prix,24,34.0
2024,Baku,Azerbaijan_Grand_Prix,4,37.0
2024,Baku,Azerbaijan_Grand_Prix,1,49.0
2024,Baku,Azerbaijan_Grand_Prix,3,49.0
2024,Baku,Azerbaijan_Grand_Prix,31,49.0
2024,Baku,Azerbaijan_Grand_Prix,10,50.0
2024,Singapore,Singapore_Grand_Prix,3,10.0
2024,Singapore,Singapore_Grand_Prix,23,11.0
2024,Singapore,Singapore_Grand_Prix,55,13.0
2024,Singapore,Singapore_Grand_Prix,44,17.0
2024,Singapore,Singapore_Grand_Prix,14,25.0
2024,Singapore,Singapore_Grand_Prix,18,26.0
2024,Singapore,Singapore_Grand_Prix,63,27.0
2024,Singapore,Singapore_Grand_Prix,11,28.0
2024,Singapore,Singapore_Grand_Prix,20,28.0
2024,Singapore,Singapore_Grand_Prix,1,29.0
2024,Singapore,Singapore_Grand_Prix,27,29.0
2024,Singapore,Singapore_Grand_Prix,43,29.0
2024,Singapore,Singapore_Grand_Prix,31,29.0
2024,Singapore,Singapore_Grand_Prix,4,30.0
2024,Singapore,Singapore_Grand_Prix,22,33.0
2024,Singapore,Singapore_Grand_Prix,77,33.0
2024,Singapore,Singapore_Grand_Prix,24,34.0
2024,Singapore,Singapore_Grand_Prix,16,36.0
2024,Singapore,Singapore_Grand_Prix,10,37.0
2024,Singapore,Singapore_Grand_Prix,81,38.0
2024,Singapore,Singapore_Grand_Prix,3,46.0
2024,Singapore,Singapore_Grand_Prix,20,49.0
2024,Singapore,Singapore_Grand_Prix,3,58.0
2024,Austin,United_States_Grand_Prix,23,3.0
2024,Austin,United_States_Grand_Prix,24,13.0
2024,Austin,United_States_Grand_Prix,77,15.0
2024,Austin,United_States_Grand_Prix,20,17.0
2024,Austin,United_States_Grand_Prix,10,18.0
2024,Austin,United_States_Grand_Prix,22,18.0
2024,Austin,United_States_Grand_Prix,55,21.0
2024,Austin,United_States_Grand_Prix,1,25.0
2024,Austin,United_States_Grand_Prix,16,26.0
2024,Austin,United_States_Grand_Prix,11,26.0
2024,Austin,United_States_Grand_Prix,14,26.0
2024,Austin,United_States_Grand_Prix,27,27.0
2024,Austin,United_States_Grand_Prix,18,27.0
2024,Austin,United_States_Grand_Prix,4,31.0
2024,Austin,United_States_Grand_Prix,31,31.0
2024,Austin,United_States_Grand_Prix,81,32.0
2024,Austin,United_States_Grand_Prix,23,33.0
2024,Austin,United_States_Grand_Prix,24,35.0
2024,Austin,United_States_Grand_Prix,30,36.0
2024,Austin,United_States_Grand_Prix,20,38.0
2024,Austin,United_States_Grand_Prix,43,39.0
2024,Austin,United_States_Grand_Prix,63,40.0
2024,Austin,United_States_Grand_Prix,31,51.0
2024,Mexico City,Mexico_City_Grand_Prix,11,20.0
2024,Mexico City,Mexico_City_Grand_Prix,1,26.0
2024,Mexico City,Mexico_City_Grand_Prix,18,26.0
2024,Mexico City,Mexico_City_Grand_Prix,44,28.0
2024,Mexico City,Mexico_City_Grand_Prix,10,28.0
2024,Mexico City,Mexico_City_Grand_Prix,27,29.0
2024,Mexico City,Mexico_City_Grand_Prix,4,30.0
2024,Mexico City,Mexico_City_Grand_Prix,20,30.0
2024,Mexico City,Mexico_City_Grand_Prix,16,31.0
2024,Mexico City,Mexico_City_Grand_Prix,63,31.0
2024,Mexico City,Mexico_City_Grand_Prix,55,32.0
2024,Mexico City,Mexico_City_Grand_Prix,81,39.0
2024,Mexico City,Mexico_City_Grand_Prix,30,39.0
2024,Mexico City,Mexico_City_Grand_Prix,24,43.0
2024,Mexico City,Mexico_City_Grand_Prix,11,43.0
2024,Mexico City,Mexico_City_Grand_Prix,43,47.0
2024,Mexico City,Mexico_City_Grand_Prix,31,48.0
2024,Mexico City,Mexico_City_Grand_Prix,77,49.0
2024,Mexico City,Mexico_City_Grand_Prix,30,65.0
2024,Mexico City,Mexico_City_Grand_Prix,16,69.0
2024,Mexico City,Mexico_City_Grand_Prix,11,68.0
2024,Interlagos,São_Paulo_Grand_Prix,16,24.0
2024,Interlagos,São_Paulo_Grand_Prix,27,25.0
2024,Interlagos,São_Paulo_Grand_Prix,43,26.0
2024,Interlagos,São_Paulo_Grand_Prix,81,27.0
2024,Interlagos,São_Paulo_Grand_Prix,14,27.0
2024,Interlagos,São_Paulo_Grand_Prix,44,27.0
2024,Interlagos,São_Paulo_Grand_Prix,55,27.0
2024,Interlagos,São_Paulo_Grand_Prix,50,27.0
2024,Interlagos,São_Paulo_Grand_Prix,11,27.0
2024,Interlagos,São_Paulo_Grand_Prix,24,27.0
2024,Interlagos,São_Paulo_Grand_Prix,63,28.0
2024,Interlagos,São_Paulo_Grand_Prix,4,28.0
2024,Interlagos,São_Paulo_Grand_Prix,22,28.0
2024,Interlagos,São_Paulo_Grand_Prix,30,28.0
2024,Interlagos,São_Paulo_Grand_Prix,24,28.0
2024,Interlagos,São_Paulo_Grand_Prix,27,27.0
2024,Interlagos,São_Paulo_Grand_Prix,43,30.0
2024,Interlagos,São_Paulo_Grand_Prix,27,29.0
2024,Interlagos,São_Paulo_Grand_Prix,24,31.0
2024,Interlagos,São_Paulo_Grand_Prix,31,32.0
2024,Interlagos,São_Paulo_Grand_Prix,1,32.0
2024,Interlagos,São_Paulo_Grand_Prix,10,32.0
2024,Interlagos,São_Paulo_Grand_Prix,4,32.0
2024,Interlagos,São_Paulo_Grand_Prix,63,32.0
2024,Interlagos,São_Paulo_Grand_Prix,22,32.0
2024,Interlagos,São_Paulo_Grand_Prix,16,32.0
2024,Interlagos,São_Paulo_Grand_Prix,81,32.0
2024,Interlagos,São_Paulo_Grand_Prix,14,32.0
2024,Interlagos,São_Paulo_Grand_Prix,30,32.0
2024,Interlagos,São_Paulo_Grand_Prix,44,32.0
2024,Interlagos,São_Paulo_Grand_Prix,77,32.0
2024,Interlagos,São_Paulo_Grand_Prix,55,32.0
2024,Interlagos,São_Paulo_Grand_Prix,11,32.0
2024,Interlagos,São_Paulo_Grand_Prix,50,32.0
2024,Interlagos,São_Paulo_Grand_Prix,24,32.0
2024,Las Vegas,Las_Vegas_Grand_Prix,14,4.0
2024,Las Vegas,Las_Vegas_Grand_Prix,16,9.0
2024,Las Vegas,Las_Vegas_Grand_Prix,4,9.0
2024,Las Vegas,Las_Vegas_Grand_Prix,23,9.0
2024,Las Vegas,Las_Vegas_Grand_Prix,18,9.0
2024,Las Vegas,Las_Vegas_Grand_Prix,55,10.0
2024,Las Vegas,Las_Vegas_Grand_Prix,22,10.0
2024,Las Vegas,Las_Vegas_Grand_Prix,10,10.0
2024,Las Vegas,Las_Vegas_Grand_Prix,81,10.0
2024,Las Vegas,Las_Vegas_Grand_Prix,1,11.0
2024,Las Vegas,Las_Vegas_Grand_Prix,31,11.0
2024,Las Vegas,Las_Vegas_Grand_Prix,24,11.0
2024,Las Vegas,Las_Vegas_Grand_Prix,30,11.0
2024,Las Vegas,Las_Vegas_Grand_Prix,63,12.0
2024,Las Vegas,Las_Vegas_Grand_Prix,31,12.0
2024,Las Vegas,Las_Vegas_Grand_Prix,44,13.0
2024,Las Vegas,Las_Vegas_Grand_Prix,27,14.0
2024,Las Vegas,Las_Vegas_Grand_Prix,43,16.0
2024,Las Vegas,Las_Vegas_Grand_Prix,11,17.0
2024,Las Vegas,Las_Vegas_Grand_Prix,20,17.0
2024,Las Vegas,Las_Vegas_Grand_Prix,77,17.0
2024,Las Vegas,Las_Vegas_Grand_Prix,14,24.0
2024,Las Vegas,Las_Vegas_Grand_Prix,81,25.0
2024,Las Vegas,Las_Vegas_Grand_Prix,43,26.0
2024,Las Vegas,Las_Vegas_Grand_Prix,1,27.0
2024,Las Vegas,Las_Vegas_Grand_Prix,44,27.0
2024,Las Vegas,Las_Vegas_Grand_Prix,55,28.0
2024,Las Vegas,Las_Vegas_Grand_Prix,18,28.0
2024,Las Vegas,Las_Vegas_Grand_Prix,22,29.0
2024,Las Vegas,Las_Vegas_Grand_Prix,4,30.0
2024,Las Vegas,Las_Vegas_Grand_Prix,16,31.0
2024,Las Vegas,Las_Vegas_Grand_Prix,63,32.0
2024,Las Vegas,Las_Vegas_Grand_Prix,11,32.0
2024,Las Vegas,Las_Vegas_Grand_Prix,27,33.0
2024,Las Vegas,Las_Vegas_Grand_Prix,24,34.0
2024,Las Vegas,Las_Vegas_Grand_Prix,77,35.0
2024,Las Vegas,Las_Vegas_Grand_Prix,30,38.0
2024,Las Vegas,Las_Vegas_Grand_Prix,31,45.0
2024,Las Vegas,Las_Vegas_Grand_Prix,4,48.0
2024,Lusail,Qatar_Grand_Prix,18,1.0
2024,Lusail,Qatar_Grand_Prix,27,1.0
2024,Lusail,Qatar_Grand_Prix,18,7.0
2024,Lusail,Qatar_Grand_Prix,63,23.0
2024,Lusail,Qatar_Grand_Prix,77,24.0
2024,Lusail,Qatar_Grand_Prix,20,27.0
2024,Lusail,Qatar_Grand_Prix,27,31.0
2024,Lusail,Qatar_Grand_Prix,81,34.0
2024,Lusail,Qatar_Grand_Prix,55,34.0
2024,Lusail,Qatar_Grand_Prix,1,35.0
2024,Lusail,Qatar_Grand_Prix,44,34.0
2024,Lusail,Qatar_Grand_Prix,4,35.0
2024,Lusail,Qatar_Grand_Prix,16,35.0
2024,Lusail,Qatar_Grand_Prix,11,35.0
2024,Lusail,Qatar_Grand_Prix,10,35.0
2024,Lusail,Qatar_Grand_Prix,63,35.0
2024,Lusail,Qatar_Grand_Prix,14,35.0
2024,Lusail,Qatar_Grand_Prix,24,35.0
2024,Lusail,Qatar_Grand_Prix,22,35.0
2024,Lusail,Qatar_Grand_Prix,23,35.0
2024,Lusail,Qatar_Grand_Prix,30,35.0
2024,Lusail,Qatar_Grand_Prix,1,36.0
2024,Lusail,Qatar_Grand_Prix,44,35.0
2024,Lusail,Qatar_Grand_Prix,4,36.0
2024,Lusail,Qatar_Grand_Prix,77,35.0
2024,Lusail,Qatar_Grand_Prix,16,36.0
2024,Lusail,Qatar_Grand_Prix,81,36.0
2024,Lusail,Qatar_Grand_Prix,11,36.0
2024,Lusail,Qatar_Grand_Prix,10,36.0
2024,Lusail,Qatar_Grand_Prix,63,36.0
2024,Lusail,Qatar_Grand_Prix,55,36.0
2024,Lusail,Qatar_Grand_Prix,24,36.0
2024,Lusail,Qatar_Grand_Prix,14,36.0
2024,Lusail,Qatar_Grand_Prix,20,36.0
2024,Lusail,Qatar_Grand_Prix,22,36.0
2024,Lusail,Qatar_Grand_Prix,23,36.0
2024,Lusail,Qatar_Grand_Prix,27,36.0
2024,Lusail,Qatar_Grand_Prix,30,36.0
2024,Lusail,Qatar_Grand_Prix,1,37.0
2024,Lusail,Qatar_Grand_Prix,44,36.0
2024,Lusail,Qatar_Grand_Prix,4,37.0
2024,Lusail,Qatar_Grand_Prix,77,36.0
2024,Lusail,Qatar_Grand_Prix,16,37.0
2024,Lusail,Qatar_Grand_Prix,81,37.0
2024,Lusail,Qatar_Grand_Prix,11,37.0
2024,Lusail,Qatar_Grand_Prix,10,37.0
2024,Lusail,Qatar_Grand_Prix,63,37.0
2024,Lusail,Qatar_Grand_Prix,55,37.0
2024,Lusail,Qatar_Grand_Prix,24,37.0
2024,Lusail,Qatar_Grand_Prix,14,37.0
2024,Lusail,Qatar_Grand_Prix,20,37.0
2024,Lusail,Qatar_Grand_Prix,22,37.0
2024,Lusail,Qatar_Grand_Prix,23,37.0
2024,Lusail,Qatar_Grand_Prix,27,37.0
2024,Lusail,Qatar_Grand_Prix,30,37.0
2024,Lusail,Qatar_Grand_Prix,22,40.0
2024,Lusail,Qatar_Grand_Prix,30,40.0
2024,Lusail,Qatar_Grand_Prix,4,45.0
2024,Lusail,Qatar_Grand_Prix,44,47.0
2024,Lusail,Qatar_Grand_Prix,23,55.0
2024,Lusail,Qatar_Grand_Prix,31,
2024,Lusail,Qatar_Grand_Prix,43,
2024,Yas Marina Circuit,Abu_Dhabi_Grand_Prix,43,3.0
2024,Yas Marina Circuit,Abu_Dhabi_Grand_Prix,81,4.0
2024,Yas Marina Circuit,Abu_Dhabi_Grand_Prix,77,6.0
2024,Yas Marina Circuit,Abu_Dhabi_Grand_Prix,18,11.0
2024,Yas Marina Circuit,Abu_Dhabi_Grand_Prix,20,12.0
2024,Yas Marina Circuit,Abu_Dhabi_Grand_Prix,24,12.0
2024,Yas Marina Circuit,Abu_Dhabi_Grand_Prix,23,12.0
2024,Yas Marina Circuit,Abu_Dhabi_Grand_Prix,27,13.0
2024,Yas Marina Circuit,Abu_Dhabi_Grand_Prix,14,13.0
2024,Yas Marina Circuit,Abu_Dhabi_Grand_Prix,10,14.0
2024,Yas Marina Circuit,Abu_Dhabi_Grand_Prix,16,20.0
2024,Yas Marina Circuit,Abu_Dhabi_Grand_Prix,22,22.0
2024,Yas Marina Circuit,Abu_Dhabi_Grand_Prix,61,22.0
2024,Yas Marina Circuit,Abu_Dhabi_Grand_Prix,30,23.0
2024,Yas Marina Circuit,Abu_Dhabi_Grand_Prix,30,24.0
2024,Yas Marina Circuit,Abu_Dhabi_Grand_Prix,55,25.0
2024,Yas Marina Circuit,Abu_Dhabi_Grand_Prix,4,26.0
2024,Yas Marina Circuit,Abu_Dhabi_Grand_Prix,63,26.0
2024,Yas Marina Circuit,Abu_Dhabi_Grand_Prix,1,29.0
2024,Yas Marina Circuit,Abu_Dhabi_Grand_Prix,20,29.0
2024,Yas Marina Circuit,Abu_Dhabi_Grand_Prix,30,29.0
2024,Yas Marina Circuit,Abu_Dhabi_Grand_Prix,20,30.0
2024,Yas Marina Circuit,Abu_Dhabi_Grand_Prix,18,32.0
2024,Yas Marina Circuit,Abu_Dhabi_Grand_Prix,81,32.0
2024,Yas Marina Circuit,Abu_Dhabi_Grand_Prix,44,34.0
2024,Yas Marina Circuit,Abu_Dhabi_Grand_Prix,14,37.0
2024,Yas Marina Circuit,Abu_Dhabi_Grand_Prix,24,39.0
2024,Yas Marina Circuit,Abu_Dhabi_Grand_Prix,20,55.0
2025,Melbourne,Australian_Grand_Prix,4,2.0
2025,Melbourne,Australian_Grand_Prix,1,2.0
2025,Melbourne,Australian_Grand_Prix,81,2.0
2025,Melbourne,Australian_Grand_Prix,63,2.0
2025,Melbourne,Australian_Grand_Prix,16,2.0
2025,Melbourne,Australian_Grand_Prix,22,2.0
2025,Melbourne,Australian_Grand_Prix,23,2.0
2025,Melbourne,Australian_Grand_Prix,44,2.0
2025,Melbourne,Australian_Grand_Prix,10,2.0
2025,Melbourne,Australian_Grand_Prix,14,2.0
2025,Melbourne,Australian_Grand_Prix,18,2.0
2025,Melbourne,Australian_Grand_Prix,27,2.0
2025,Melbourne,Australian_Grand_Prix,12,2.0
2025,Melbourne,Australian_Grand_Prix,5,2.0
2025,Melbourne,Australian_Grand_Prix,31,2.0
2025,Melbourne,Australian_Grand_Prix,30,2.0
2025,Melbourne,Australian_Grand_Prix,87,2.0
2025,Melbourne,Australian_Grand_Prix,4,3.0
2025,Melbourne,Australian_Grand_Prix,1,3.0
2025,Melbourne,Australian_Grand_Prix,81,3.0
2025,Melbourne,Australian_Grand_Prix,63,3.0
2025,Melbourne,Australian_Grand_Prix,16,3.0
2025,Melbourne,Australian_Grand_Prix,22,3.0
2025,Melbourne,Australian_Grand_Prix,23,3.0
2025,Melbourne,Australian_Grand_Prix,44,3.0
2025,Melbourne,Australian_Grand_Prix,10,3.0
2025,Melbourne,Australian_Grand_Prix,14,3.0
2025,Melbourne,Australian_Grand_Prix,18,3.0
2025,Melbourne,Australian_Grand_Prix,27,3.0
2025,Melbourne,Australian_Grand_Prix,12,3.0
2025,Melbourne,Australian_Grand_Prix,5,3.0
2025,Melbourne,Australian_Grand_Prix,31,3.0
2025,Melbourne,Australian_Grand_Prix,30,3.0
2025,Melbourne,Australian_Grand_Prix,87,3.0
2025,Melbourne,Australian_Grand_Prix,4,4.0
2025,Melbourne,Australian_Grand_Prix,1,4.0
2025,Melbourne,Australian_Grand_Prix,81,4.0
2025,Melbourne,Australian_Grand_Prix,63,4.0
2025,Melbourne,Australian_Grand_Prix,16,4.0
2025,Melbourne,Australian_Grand_Prix,22,4.0
2025,Melbourne,Australian_Grand_Prix,23,4.0
2025,Melbourne,Australian_Grand_Prix,44,4.0
2025,Melbourne,Australian_Grand_Prix,10,4.0
2025,Melbourne,Australian_Grand_Prix,14,4.0
2025,Melbourne,Australian_Grand_Prix,18,4.0
2025,Melbourne,Australian_Grand_Prix,27,4.0
2025,Melbourne,Australian_Grand_Prix,12,4.0
2025,Melbourne,Australian_Grand_Prix,5,4.0
2025,Melbourne,Australian_Grand_Prix,31,4.0
2025,Melbourne,Australian_Grand_Prix,30,4.0
2025,Melbourne,Australian_Grand_Prix,87,4.0
2025,Melbourne,Australian_Grand_Prix,22,33.0
2025,Melbourne,Australian_Grand_Prix,23,33.0
2025,Melbourne,Australian_Grand_Prix,44,33.0
2025,Melbourne,Australian_Grand_Prix,10,33.0
2025,Melbourne,Australian_Grand_Prix,12,33.0
2025,Melbourne,Australian_Grand_Prix,18,33.0
2025,Melbourne,Australian_Grand_Prix,27,33.0
2025,Melbourne,Australian_Grand_Prix,4,34.0
2025,Melbourne,Australian_Grand_Prix,5,33.0
2025,Melbourne,Australian_Grand_Prix,81,34.0
2025,Melbourne,Australian_Grand_Prix,30,33.0
2025,Melbourne,Australian_Grand_Prix,1,34.0
2025,Melbourne,Australian_Grand_Prix,63,34.0
2025,Melbourne,Australian_Grand_Prix,16,34.0
2025,Melbourne,Australian_Grand_Prix,31,39.0
2025,Melbourne,Australian_Grand_Prix,87,39.0
2025,Melbourne,Australian_Grand_Prix,4,44.0
2025,Melbourne,Australian_Grand_Prix,63,44.0
2025,Melbourne,Australian_Grand_Prix,23,44.0
2025,Melbourne,Australian_Grand_Prix,18,44.0
2025,Melbourne,Australian_Grand_Prix,12,44.0
2025,Melbourne,Australian_Grand_Prix,27,44.0
2025,Melbourne,Australian_Grand_Prix,5,44.0
2025,Melbourne,Australian_Grand_Prix,81,44.0
2025,Melbourne,Australian_Grand_Prix,87,44.0
2025,Melbourne,Australian_Grand_Prix,1,46.0
2025,Melbourne,Australian_Grand_Prix,10,46.0
2025,Melbourne,Australian_Grand_Prix,31,46.0
2025,Melbourne,Australian_Grand_Prix,44,47.0
2025,Melbourne,Australian_Grand_Prix,16,47.0
2025,Melbourne,Australian_Grand_Prix,22,47.0
2025,Shanghai,Chinese_Grand_Prix,5,1.0
2025,Shanghai,Chinese_Grand_Prix,10,10.0
2025,Shanghai,Chinese_Grand_Prix,22,11.0
2025,Shanghai,Chinese_Grand_Prix,31,11.0
2025,Shanghai,Chinese_Grand_Prix,7,11.0
2025,Shanghai,Chinese_Grand_Prix,12,12.0
2025,Shanghai,Chinese_Grand_Prix,6,12.0
2025,Shanghai,Chinese_Grand_Prix,44,13.0
2025,Shanghai,Chinese_Grand_Prix,1,13.0
2025,Shanghai,Chinese_Grand_Prix,81,14.0
2025,Shanghai,Chinese_Grand_Prix,63,14.0
2025,Shanghai,Chinese_Grand_Prix,4,15.0
2025,Shanghai,Chinese_Grand_Prix,16,15.0
2025,Shanghai,Chinese_Grand_Prix,55,17.0
2025,Shanghai,Chinese_Grand_Prix,30,18.0
2025,Shanghai,Chinese_Grand_Prix,23,20.0
2025,Shanghai,Chinese_Grand_Prix,27,20.0
2025,Shanghai,Chinese_Grand_Prix,87,26.0
2025,Shanghai,Chinese_Grand_Prix,5,26.0
2025,Shanghai,Chinese_Grand_Prix,30,30.0
2025,Shanghai,Chinese_Grand_Prix,6,33.0
2025,Shanghai,Chinese_Grand_Prix,22,35.0
2025,Shanghai,Chinese_Grand_Prix,18,36.0
2025,Shanghai,Chinese_Grand_Prix,44,37.0
2025,Shanghai,Chinese_Grand_Prix,22,46.0
2025,Suzuka,Japanese_Grand_Prix,18,9.0
2025,Suzuka,Japanese_Grand_Prix,7,15.0
2025,Suzuka,Japanese_Grand_Prix,63,19.0
2025,Suzuka,Japanese_Grand_Prix,81,20.0
2025,Suzuka,Japanese_Grand_Prix,1,21.0
2025,Suzuka,Japanese_Grand_Prix,4,21.0
2025,Suzuka,Japanese_Grand_Prix,16,21.0
2025,Suzuka,Japanese_Grand_Prix,27,22.0
2025,Suzuka,Japanese_Grand_Prix,87,23.0
2025,Suzuka,Japanese_Grand_Prix,22,23.0
2025,Suzuka,Japanese_Grand_Prix,23,24.0
2025,Suzuka,Japanese_Grand_Prix,14,24.0
2025,Suzuka,Japanese_Grand_Prix,10,24.0
2025,Suzuka,Japanese_Grand_Prix,6,25.0
2025,Suzuka,Japanese_Grand_Prix,44,30.0
2025,Suzuka,Japanese_Grand_Prix,18,30.0
2025,Suzuka,Japanese_Grand_Prix,12,31.0
2025,Suzuka,Japanese_Grand_Prix,5,31.0
2025,Suzuka,Japanese_Grand_Prix,31,32.0
2025,Suzuka,Japanese_Grand_Prix,30,33.0
2025,Suzuka,Japanese_Grand_Prix,55,33.0
2025,Sakhir,Bahrain_Grand_Prix,27,5.0
2025,Sakhir,Bahrain_Grand_Prix,6,6.0
2025,Sakhir,Bahrain_Grand_Prix,31,8.0
2025,Sakhir,Bahrain_Grand_Prix,7,9.0
2025,Sakhir,Bahrain_Grand_Prix,4,10.0
2025,Sakhir,Bahrain_Grand_Prix,10,10.0
2025,Sakhir,Bahrain_Grand_Prix,1,10.0
2025,Sakhir,Bahrain_Grand_Prix,22,11.0
2025,Sakhir,Bahrain_Grand_Prix,12,12.0
2025,Sakhir,Bahrain_Grand_Prix,18,12.0
2025,Sakhir,Bahrain_Grand_Prix,63,13.0
2025,Sakhir,Bahrain_Grand_Prix,5,13.0
2025,Sakhir,Bahrain_Grand_Prix,81,14.0
2025,Sakhir,Bahrain_Grand_Prix,55,14.0
2025,Sakhir,Bahrain_Grand_Prix,87,14.0
2025,Sakhir,Bahrain_Grand_Prix,30,14.0
2025,Sakhir,Bahrain_Grand_Prix,23,16.0
2025,Sakhir,Bahrain_Grand_Prix,14,16.0
2025,Sakhir,Bahrain_Grand_Prix,16,17.0
2025,Sakhir,Bahrain_Grand_Prix,44,17.0
2025,Sakhir,Bahrain_Grand_Prix,1,26.0
2025,Sakhir,Bahrain_Grand_Prix,31,27.0
2025,Sakhir,Bahrain_Grand_Prix,12,27.0
2025,Sakhir,Bahrain_Grand_Prix,27,27.0
2025,Sakhir,Bahrain_Grand_Prix,10,28.0
2025,Sakhir,Bahrain_Grand_Prix,7,28.0
2025,Sakhir,Bahrain_Grand_Prix,6,28.0
2025,Sakhir,Bahrain_Grand_Prix,81,32.0
2025,Sakhir,Bahrain_Grand_Prix,63,32.0
2025,Sakhir,Bahrain_Grand_Prix,16,32.0
2025,Sakhir,Bahrain_Grand_Prix,4,32.0
2025,Sakhir,Bahrain_Grand_Prix,44,32.0
2025,Sakhir,Bahrain_Grand_Prix,55,32.0
2025,Sakhir,Bahrain_Grand_Prix,22,32.0
2025,Sakhir,Bahrain_Grand_Prix,87,32.0
2025,Sakhir,Bahrain_Grand_Prix,23,32.0
2025,Sakhir,Bahrain_Grand_Prix,12,32.0
2025,Sakhir,Bahrain_Grand_Prix,14,32.0
2025,Sakhir,Bahrain_Grand_Prix,30,32.0
2025,Sakhir,Bahrain_Grand_Prix,18,32.0
2025,Sakhir,Bahrain_Grand_Prix,5,32.0
2025,Sakhir,Bahrain_Grand_Prix,55,44.0
2025,Jeddah,Saudi_Arabian_Grand_Prix,7,1.0
2025,Jeddah,Saudi_Arabian_Grand_Prix,31,1.0
2025,Jeddah,Saudi_Arabian_Grand_Prix,5,1.0
2025,Jeddah,Saudi_Arabian_Grand_Prix,87,18.0
2025,Jeddah,Saudi_Arabian_Grand_Prix,81,19.0
2025,Jeddah,Saudi_Arabian_Grand_Prix,12,19.0
2025,Jeddah,Saudi_Arabian_Grand_Prix,14,19.0
2025,Jeddah,Saudi_Arabian_Grand_Prix,63,20.0
2025,Jeddah,Saudi_Arabian_Grand_Prix,30,20.0
2025,Jeddah,Saudi_Arabian_Grand_Prix,1,21.0
2025,Jeddah,Saudi_Arabian_Grand_Prix,55,21.0
2025,Jeddah,Saudi_Arabian_Grand_Prix,23,22.0
2025,Jeddah,Saudi_Arabian_Grand_Prix,44,23.0
2025,Jeddah,Saudi_Arabian_Grand_Prix,16,29.0
2025,Jeddah,Saudi_Arabian_Grand_Prix,7,32.0
2025,Jeddah,Saudi_Arabian_Grand_Prix,27,33.0
2025,Jeddah,Saudi_Arabian_Grand_Prix,4,34.0
2025,Jeddah,Saudi_Arabian_Grand_Prix,6,34.0
2025,Jeddah,Saudi_Arabian_Grand_Prix,18,39.0
2025,Miami,Miami_Grand_Prix,5,19.0
2025,Miami,Miami_Grand_Prix,18,20.0
2025,Miami,Miami_Grand_Prix,6,22.0
2025,Miami,Miami_Grand_Prix,31,23.0
2025,Miami,Miami_Grand_Prix,12,25.0
2025,Miami,Miami_Grand_Prix,55,25.0
2025,Miami,Miami_Grand_Prix,1,26.0
2025,Miami,Miami_Grand_Prix,23,26.0
2025,Miami,Miami_Grand_Prix,22,27.0
2025,Miami,Miami_Grand_Prix,44,28.0
2025,Miami,Miami_Grand_Prix,14,28.0
2025,Miami,Miami_Grand_Prix,30,28.0
2025,Miami,Miami_Grand_Prix,81,29.0
2025,Miami,Miami_Grand_Prix,4,29.0
2025,Miami,Miami_Grand_Prix,63,29.0
2025,Miami,Miami_Grand_Prix,16,29.0
2025,Miami,Miami_Grand_Prix,10,32.0
2025,Miami,Miami_Grand_Prix,27,36.0
2025,Imola,Emilia_Romagna_Grand_Prix,31,1.0
2025,Imola,Emilia_Romagna_Grand_Prix,10,9.0
2025,Imola,Emilia_Romagna_Grand_Prix,16,10.0
2025,Imola,Emilia_Romagna_Grand_Prix,30,10.0
2025,Imola,Emilia_Romagna_Grand_Prix,63,11.0
2025,Imola,Emilia_Romagna_Grand_Prix,55,11.0
2025,Imola,Emilia_Romagna_Grand_Prix,14,12.0
2025,Imola,Emilia_Romagna_Grand_Prix,5,12.0
2025,Imola,Emilia_Romagna_Grand_Prix,81,13.0
2025,Imola,Emilia_Romagna_Grand_Prix,18,14.0
2025,Imola,Emilia_Romagna_Grand_Prix,43,22.0
2025,Imola,Emilia_Romagna_Grand_Prix,4,28.0
2025,Imola,Emilia_Romagna_Grand_Prix,1,29.0
2025,Imola,Emilia_Romagna_Grand_Prix,23,29.0
2025,Imola,Emilia_Romagna_Grand_Prix,6,29.0
2025,Imola,Emilia_Romagna_Grand_Prix,12,29.0
2025,Imola,Emilia_Romagna_Grand_Prix,44,29.0
2025,Imola,Emilia_Romagna_Grand_Prix,16,29.0
2025,Imola,Emilia_Romagna_Grand_Prix,27,29.0
2025,Imola,Emilia_Romagna_Grand_Prix,63,29.0
2025,Imola,Emilia_Romagna_Grand_Prix,87,29.0
2025,Imola,Emilia_Romagna_Grand_Prix,22,29.0
2025,Imola,Emilia_Romagna_Grand_Prix,55,29.0
2025,Imola,Emilia_Romagna_Grand_Prix,10,29.0
2025,Imola,Emilia_Romagna_Grand_Prix,30,29.0
2025,Imola,Emilia_Romagna_Grand_Prix,5,29.0
2025,Imola,Emilia_Romagna_Grand_Prix,81,30.0
2025,Imola,Emilia_Romagna_Grand_Prix,87,31.0
2025,Imola,Emilia_Romagna_Grand_Prix,1,46.0
2025,Imola,Emilia_Romagna_Grand_Prix,4,46.0
2025,Imola,Emilia_Romagna_Grand_Prix,44,46.0
2025,Imola,Emilia_Romagna_Grand_Prix,6,46.0
2025,Imola,Emilia_Romagna_Grand_Prix,14,46.0
2025,Imola,Emilia_Romagna_Grand_Prix,18,46.0
2025,Imola,Emilia_Romagna_Grand_Prix,43,46.0
2025,Imola,Emilia_Romagna_Grand_Prix,5,46.0
2025,Imola,Emilia_Romagna_Grand_Prix,23,47.0
2025,Monte Carlo,Monaco_Grand_Prix,22,1.0
2025,Monte Carlo,Monaco_Grand_Prix,10,1.0
2025,Monte Carlo,Monaco_Grand_Prix,87,1.0
2025,Monte Carlo,Monaco_Grand_Prix,5,1.0
2025,Monte Carlo,Monaco_Grand_Prix,27,12.0
2025,Monte Carlo,Monaco_Grand_Prix,43,13.0
2025,Monte Carlo,Monaco_Grand_Prix,6,14.0
2025,Monte Carlo,Monaco_Grand_Prix,14,16.0
2025,Monte Carlo,Monaco_Grand_Prix,31,16.0
2025,Monte Carlo,Monaco_Grand_Prix,18,17.0
2025,Monte Carlo,Monaco_Grand_Prix,87,17.0
2025,Monte Carlo,Monaco_Grand_Prix,44,18.0
2025,Monte Carlo,Monaco_Grand_Prix,4,19.0
2025,Monte Carlo,Monaco_Grand_Prix,6,19.0
2025,Monte Carlo,Monaco_Grand_Prix,81,20.0
2025,Monte Carlo,Monaco_Grand_Prix,16,22.0
2025,Monte Carlo,Monaco_Grand_Prix,5,26.0
2025,Monte Carlo,Monaco_Grand_Prix,43,26.0
2025,Monte Carlo,Monaco_Grand_Prix,1,28.0
2025,Monte Carlo,Monaco_Grand_Prix,31,28.0
2025,Monte Carlo,Monaco_Grand_Prix,30,31.0
2025,Monte Carlo,Monaco_Grand_Prix,23,32.0
2025,Monte Carlo,Monaco_Grand_Prix,5,35.0
2025,Monte Carlo,Monaco_Grand_Prix,30,40.0
2025,Monte Carlo,Monaco_Grand_Prix,23,40.0
2025,Monte Carlo,Monaco_Grand_Prix,27,44.0
2025,Monte Carlo,Monaco_Grand_Prix,81,48.0
2025,Monte Carlo,Monaco_Grand_Prix,16,49.0
2025,Monte Carlo,Monaco_Grand_Prix,55,48.0
2025,Monte Carlo,Monaco_Grand_Prix,4,50.0
2025,Monte Carlo,Monaco_Grand_Prix,55,53.0
2025,Monte Carlo,Monaco_Grand_Prix,63,53.0
2025,Monte Carlo,Monaco_Grand_Prix,44,56.0
2025,Monte Carlo,Monaco_Grand_Prix,63,62.0
2025,Monte Carlo,Monaco_Grand_Prix,18,64.0
2025,Monte Carlo,Monaco_Grand_Prix,63,68.0
2025,Monte Carlo,Monaco_Grand_Prix,12,69.0
2025,Monte Carlo,Monaco_Grand_Prix,12,71.0
2025,Monte Carlo,Monaco_Grand_Prix,22,73.0
2025,Monte Carlo,Monaco_Grand_Prix,1,77.0
2025,Catalunya,Spanish_Grand_Prix,23,6.0
2025,Catalunya,Spanish_Grand_Prix,87,8.0
2025,Catalunya,Spanish_Grand_Prix,22,8.0
2025,Catalunya,Spanish_Grand_Prix,27,9.0
2025,Catalunya,Spanish_Grand_Prix,55,9.0
2025,Catalunya,Spanish_Grand_Prix,10,10.0
2025,Catalunya,Spanish_Grand_Prix,1,13.0
2025,Catalunya,Spanish_Grand_Prix,43,14.0
2025,Catalunya,Spanish_Grand_Prix,14,15.0
2025,Catalunya,Spanish_Grand_Prix,44,16.0
2025,Catalunya,Spanish_Grand_Prix,16,17.0
2025,Catalunya,Spanish_Grand_Prix,30,18.0
2025,Catalunya,Spanish_Grand_Prix,6,19.0
2025,Catalunya,Spanish_Grand_Prix,5,19.0
2025,Catalunya,Spanish_Grand_Prix,63,20.0
2025,Catalunya,Spanish_Grand_Prix,31,20.0
2025,Catalunya,Spanish_Grand_Prix,4,21.0
2025,Catalunya,Spanish_Grand_Prix,12,21.0
2025,Catalunya,Spanish_Grand_Prix,81,22.0
2025,Catalunya,Spanish_Grand_Prix,22,24.0
2025,Catalunya,Spanish_Grand_Prix,23,26.0
2025,Catalunya,Spanish_Grand_Prix,1,29.0
2025,Catalunya,Spanish_Grand_Prix,10,31.0
2025,Catalunya,Spanish_Grand_Prix,55,34.0
2025,Catalunya,Spanish_Grand_Prix,87,35.0
2025,Catalunya,Spanish_Grand_Prix,16,40.0
2025,Catalunya,Spanish_Grand_Prix,43,39.0
2025,Catalunya,Spanish_Grand_Prix,63,41.0
2025,Catalunya,Spanish_Grand_Prix,14,42.0
2025,Catalunya,Spanish_Grand_Prix,31,43.0
2025,Catalunya,Spanish_Grand_Prix,30,44.0
2025,Catalunya,Spanish_Grand_Prix,22,44.0
2025,Catalunya,Spanish_Grand_Prix,27,45.0
2025,Catalunya,Spanish_Grand_Prix,44,46.0
2025,Catalunya,Spanish_Grand_Prix,1,47.0
2025,Catalunya,Spanish_Grand_Prix,4,48.0
2025,Catalunya,Spanish_Grand_Prix,6,48.0
2025,Catalunya,Spanish_Grand_Prix,81,49.0
2025,Catalunya,Spanish_Grand_Prix,12,49.0
2025,Catalunya,Spanish_Grand_Prix,5,49.0
2025,Catalunya,Spanish_Grand_Prix,81,55.0
2025,Catalunya,Spanish_Grand_Prix,4,55.0
2025,Catalunya,Spanish_Grand_Prix,1,55.0
2025,Catalunya,Spanish_Grand_Prix,14,54.0
2025,Catalunya,Spanish_Grand_Prix,87,54.0
2025,Catalunya,Spanish_Grand_Prix,22,54.0
2025,Catalunya,Spanish_Grand_Prix,16,55.0
2025,Catalunya,Spanish_Grand_Prix,63,55.0
2025,Catalunya,Spanish_Grand_Prix,44,55.0
2025,Catalunya,Spanish_Grand_Prix,43,54.0
2025,Catalunya,Spanish_Grand_Prix,6,55.0
2025,Catalunya,Spanish_Grand_Prix,10,55.0
2025,Catalunya,Spanish_Grand_Prix,55,55.0
2025,Catalunya,Spanish_Grand_Prix,27,56.0
2025,Montreal,Canadian_Grand_Prix,1,12.0
2025,Montreal,Canadian_Grand_Prix,63,13.0
2025,Montreal,Canadian_Grand_Prix,6,13.0
2025,Montreal,Canadian_Grand_Prix,12,14.0
2025,Montreal,Canadian_Grand_Prix,43,14.0
2025,Montreal,Canadian_Grand_Prix,44,15.0
2025,Montreal,Canadian_Grand_Prix,14,15.0
2025,Montreal,Canadian_Grand_Prix,81,16.0
2025,Montreal,Canadian_Grand_Prix,87,18.0
2025,Montreal,Canadian_Grand_Prix,27,19.0
2025,Montreal,Canadian_Grand_Prix,23,23.0
2025,Montreal,Canadian_Grand_Prix,18,24.0
2025,Montreal,Canadian_Grand_Prix,16,28.0
2025,Montreal,Canadian_Grand_Prix,4,29.0
2025,Montreal,Canadian_Grand_Prix,1,37.0
2025,Montreal,Canadian_Grand_Prix,12,38.0
2025,Montreal,Canadian_Grand_Prix,30,38.0
2025,Montreal,Canadian_Grand_Prix,63,42.0
2025,Montreal,Canadian_Grand_Prix,81,45.0
2025,Montreal,Canadian_Grand_Prix,44,45.0
2025,Montreal,Canadian_Grand_Prix,4,47.0
2025,Montreal,Canadian_Grand_Prix,5,49.0
2025,Montreal,Canadian_Grand_Prix,14,50.0
2025,Montreal,Canadian_Grand_Prix,18,51.0
2025,Montreal,Canadian_Grand_Prix,16,53.0
2025,Montreal,Canadian_Grand_Prix,10,53.0
2025,Montreal,Canadian_Grand_Prix,22,56.0
2025,Montreal,Canadian_Grand_Prix,31,57.0
2025,Montreal,Canadian_Grand_Prix,55,57.0
2025,Montreal,Canadian_Grand_Prix,14,66.0
2025,Montreal,Canadian_Grand_Prix,27,66.0
2025,Montreal,Canadian_Grand_Prix,63,67.0
2025,Montreal,Canadian_Grand_Prix,1,67.0
2025,Montreal,Canadian_Grand_Prix,12,67.0
2025,Montreal,Canadian_Grand_Prix,31,66.0
2025,Montreal,Canadian_Grand_Prix,55,66.0
2025,Montreal,Canadian_Grand_Prix,81,67.0
2025,Montreal,Canadian_Grand_Prix,16,67.0
2025,Montreal,Canadian_Grand_Prix,87,66.0
2025,Montreal,Canadian_Grand_Prix,22,66.0
2025,Montreal,Canadian_Grand_Prix,43,66.0
2025,Montreal,Canadian_Grand_Prix,5,66.0
2025,Montreal,Canadian_Grand_Prix,10,66.0
2025,Montreal,Canadian_Grand_Prix,6,66.0
2025,Montreal,Canadian_Grand_Prix,18,66.0
2025,Montreal,Canadian_Grand_Prix,44,67.0
2025,Montreal,Canadian_Grand_Prix,14,67.0
2025,Montreal,Canadian_Grand_Prix,27,67.0
2025,Montreal,Canadian_Grand_Prix,63,68.0
2025,Montreal,Canadian_Grand_Prix,1,68.0
2025,Montreal,Canadian_Grand_Prix,12,68.0
2025,Montreal,Canadian_Grand_Prix,31,67.0
2025,Montreal,Canadian_Grand_Prix,55,67.0
2025,Montreal,Canadian_Grand_Prix,81,68.0
2025,Montreal,Canadian_Grand_Prix,16,68.0
2025,Montreal,Canadian_Grand_Prix,87,67.0
2025,Montreal,Canadian_Grand_Prix,22,67.0
2025,Montreal,Canadian_Grand_Prix,43,67.0
2025,Montreal,Canadian_Grand_Prix,5,67.0
2025,Montreal,Canadian_Grand_Prix,10,67.0
2025,Montreal,Canadian_Grand_Prix,6,67.0
2025,Montreal,Canadian_Grand_Prix,18,67.0
2025,Montreal,Canadian_Grand_Prix,44,68.0
2025,Montreal,Canadian_Grand_Prix,14,68.0
2025,Montreal,Canadian_Grand_Prix,27,68.0
2025,Montreal,Canadian_Grand_Prix,63,69.0
2025,Montreal,Canadian_Grand_Prix,1,69.0
2025,Montreal,Canadian_Grand_Prix,12,69.0
2025,Montreal,Canadian_Grand_Prix,31,68.0
2025,Montreal,Canadian_Grand_Prix,55,68.0
2025,Montreal,Canadian_Grand_Prix,81,69.0
2025,Montreal,Canadian_Grand_Prix,16,69.0
2025,Montreal,Canadian_Grand_Prix,87,68.0
2025,Montreal,Canadian_Grand_Prix,22,68.0
2025,Montreal,Canadian_Grand_Prix,43,68.0
2025,Montreal,Canadian_Grand_Prix,5,68.0
2025,Montreal,Canadian_Grand_Prix,10,68.0
2025,Montreal,Canadian_Grand_Prix,6,68.0
2025,Montreal,Canadian_Grand_Prix,18,68.0
2025,Montreal,Canadian_Grand_Prix,44,69.0
2025,Montreal,Canadian_Grand_Prix,14,69.0
2025,Montreal,Canadian_Grand_Prix,27,69.0
2025,Spielberg,Austrian_Grand_Prix,6,2.0
2025,Spielberg,Austrian_Grand_Prix,87,11.0
2025,Spielberg,Austrian_Grand_Prix,10,12.0
2025,Spielberg,Austrian_Grand_Prix,27,12.0
2025,Spielberg,Austrian_Grand_Prix,23,13.0
2025,Spielberg,Austrian_Grand_Prix,43,13.0
2025,Spielberg,Austrian_Grand_Prix,63,18.0
2025,Spielberg,Austrian_Grand_Prix,22,18.0
2025,Spielberg,Austrian_Grand_Prix,31,19.0
2025,Spielberg,Austrian_Grand_Prix,4,20.0
2025,Spielberg,Austrian_Grand_Prix,5,21.0
2025,Spielberg,Austrian_Grand_Prix,81,24.0
2025,Spielberg,Austrian_Grand_Prix,16,25.0
2025,Spielberg,Austrian_Grand_Prix,44,26.0
2025,Spielberg,Austrian_Grand_Prix,18,26.0
2025,Spielberg,Austrian_Grand_Prix,6,28.0
2025,Spielberg,Austrian_Grand_Prix,22,30.0
2025,Spielberg,Austrian_Grand_Prix,30,32.0
2025,Spielberg,Austrian_Grand_Prix,14,33.0
2025,Spielberg,Austrian_Grand_Prix,10,38.0
2025,Spielberg,Austrian_Grand_Prix,87,39.0
2025,Spielberg,Austrian_Grand_Prix,43,39.0
2025,Spielberg,Austrian_Grand_Prix,27,42.0
2025,Spielberg,Austrian_Grand_Prix,63,45.0
2025,Spielberg,Austrian_Grand_Prix,16,49.0
2025,Spielberg,Austrian_Grand_Prix,5,49.0
2025,Spielberg,Austrian_Grand_Prix,44,50.0
2025,Spielberg,Austrian_Grand_Prix,31,50.0
2025,Spielberg,Austrian_Grand_Prix,4,52.0
2025,Spielberg,Austrian_Grand_Prix,81,53.0
2025,Spielberg,Austrian_Grand_Prix,18,53.0
2025,Spielberg,Austrian_Grand_Prix,22,60.0
2025,Silverstone,British_Grand_Prix,12,2.0
2025,Silverstone,British_Grand_Prix,18,6.0
2025,Silverstone,British_Grand_Prix,27,9.0
2025,Silverstone,British_Grand_Prix,12,9.0
2025,Silverstone,British_Grand_Prix,18,10.0
2025,Silverstone,British_Grand_Prix,63,10.0
2025,Silverstone,British_Grand_Prix,16,10.0
2025,Silverstone,British_Grand_Prix,6,10.0
2025,Silverstone,British_Grand_Prix,87,10.0
2025,Silverstone,British_Grand_Prix,81,11.0
2025,Silverstone,British_Grand_Prix,1,11.0
2025,Silverstone,British_Grand_Prix,4,11.0
2025,Silverstone,British_Grand_Prix,44,11.0
2025,Silverstone,British_Grand_Prix,10,11.0
2025,Silverstone,British_Grand_Prix,14,11.0
2025,Silverstone,British_Grand_Prix,55,11.0
2025,Silverstone,British_Grand_Prix,22,11.0
2025,Silverstone,British_Grand_Prix,23,12.0
2025,Silverstone,British_Grand_Prix,31,18.0
2025,Silverstone,British_Grand_Prix,12,20.0
2025,Silverstone,British_Grand_Prix,14,37.0
2025,Silverstone,British_Grand_Prix,63,38.0
2025,Silverstone,British_Grand_Prix,44,41.0
2025,Silverstone,British_Grand_Prix,18,41.0
2025,Silverstone,British_Grand_Prix,1,41.0
2025,Silverstone,British_Grand_Prix,10,41.0
2025,Silverstone,British_Grand_Prix,55,41.0
2025,Silverstone,British_Grand_Prix,87,41.0
2025,Silverstone,British_Grand_Prix,22,41.0
2025,Silverstone,British_Grand_Prix,27,42.0
2025,Silverstone,British_Grand_Prix,16,42.0
2025,Silverstone,British_Grand_Prix,23,42.0
2025,Silverstone,British_Grand_Prix,31,42.0
2025,Silverstone,British_Grand_Prix,81,43.0
2025,Silverstone,British_Grand_Prix,4,44.0
2025,Spa-Francorchamps,Belgian_Grand_Prix,44,11.0
2025,Spa-Francorchamps,Belgian_Grand_Prix,27,11.0
2025,Spa-Francorchamps,Belgian_Grand_Prix,10,11.0
2025,Spa-Francorchamps,Belgian_Grand_Prix,14,11.0
2025,Spa-Francorchamps,Belgian_Grand_Prix,81,12.0
2025,Spa-Francorchamps,Belgian_Grand_Prix,16,12.0
2025,Spa-Francorchamps,Belgian_Grand_Prix,1,12.0
2025,Spa-Francorchamps,Belgian_Grand_Prix,63,12.0
2025,Spa-Francorchamps,Belgian_Grand_Prix,23,12.0
2025,Spa-Francorchamps,Belgian_Grand_Prix,30,12.0
2025,Spa-Francorchamps,Belgian_Grand_Prix,5,12.0
2025,Spa-Francorchamps,Belgian_Grand_Prix,87,12.0
2025,Spa-Francorchamps,Belgian_Grand_Prix,43,12.0
2025,Spa-Francorchamps,Belgian_Grand_Prix,12,12.0
2025,Spa-Francorchamps,Belgian_Grand_Prix,18,12.0
2025,Spa-Francorchamps,Belgian_Grand_Prix,55,12.0
2025,Spa-Francorchamps,Belgian_Grand_Prix,4,13.0
2025,Spa-Francorchamps,Belgian_Grand_Prix,22,13.0
2025,Spa-Francorchamps,Belgian_Grand_Prix,6,13.0
2025,Spa-Francorchamps,Belgian_Grand_Prix,31,13.0
2025,Spa-Francorchamps,Belgian_Grand_Prix,6,20.0
2025,Spa-Francorchamps,Belgian_Grand_Prix,55,26.0
2025,Spa-Francorchamps,Belgian_Grand_Prix,43,28.0
2025,Spa-Francorchamps,Belgian_Grand_Prix,14,29.0
2025,Spa-Francorchamps,Belgian_Grand_Prix,12,30.0
2025,Spa-Francorchamps,Belgian_Grand_Prix,27,32.0
2025,Hungaroring,Hungarian_Grand_Prix,27,5.0
2025,Hungaroring,Hungarian_Grand_Prix,43,13.0
2025,Hungaroring,Hungarian_Grand_Prix,23,14.0
2025,Hungaroring,Hungarian_Grand_Prix,31,14.0
2025,Hungaroring,Hungarian_Grand_Prix,55,15.0
2025,Hungaroring,Hungarian_Grand_Prix,1,17.0
2025,Hungaroring,Hungarian_Grand_Prix,81,18.0
2025,Hungaroring,Hungarian_Grand_Prix,16,19.0
2025,Hungaroring,Hungarian_Grand_Prix,63,19.0
2025,Hungaroring,Hungarian_Grand_Prix,22,20.0
2025,Hungaroring,Hungarian_Grand_Prix,12,21.0
2025,Hungaroring,Hungarian_Grand_Prix,87,30.0
2025,Hungaroring,Hungarian_Grand_Prix,4,31.0
2025,Hungaroring,Hungarian_Grand_Prix,10,32.0
2025,Hungaroring,Hungarian_Grand_Prix,6,33.0
2025,Hungaroring,Hungarian_Grand_Prix,43,35.0
2025,Hungaroring,Hungarian_Grand_Prix,18,36.0
2025,Hungaroring,Hungarian_Grand_Prix,22,37.0
2025,Hungaroring,Hungarian_Grand_Prix,23,38.0
2025,Hungaroring,Hungarian_Grand_Prix,14,39.0
2025,Hungaroring,Hungarian_Grand_Prix,16,40.0
2025,Hungaroring,Hungarian_Grand_Prix,5,40.0
2025,Hungaroring,Hungarian_Grand_Prix,30,40.0
2025,Hungaroring,Hungarian_Grand_Prix,27,41.0
2025,Hungaroring,Hungarian_Grand_Prix,44,42.0
2025,Hungaroring,Hungarian_Grand_Prix,63,43.0
2025,Hungaroring,Hungarian_Grand_Prix,81,45.0
2025,Hungaroring,Hungarian_Grand_Prix,1,48.0
2025,Hungaroring,Hungarian_Grand_Prix,55,51.0
2025,Zandvoort,Dutch_Grand_Prix,18,8.0
2025,Zandvoort,Dutch_Grand_Prix,14,18.0
2025,Zandvoort,Dutch_Grand_Prix,22,19.0
2025,Zandvoort,Dutch_Grand_Prix,43,19.0
2025,Zandvoort,Dutch_Grand_Prix,27,19.0
2025,Zandvoort,Dutch_Grand_Prix,16,22.0
2025,Zandvoort,Dutch_Grand_Prix,5,22.0
2025,Zandvoort,Dutch_Grand_Prix,81,23.0
2025,Zandvoort,Dutch_Grand_Prix,4,23.0
2025,Zandvoort,Dutch_Grand_Prix,1,23.0
2025,Zandvoort,Dutch_Grand_Prix,6,23.0
2025,Zandvoort,Dutch_Grand_Prix,63,23.0
2025,Zandvoort,Dutch_Grand_Prix,30,23.0
2025,Zandvoort,Dutch_Grand_Prix,55,23.0
2025,Zandvoort,Dutch_Grand_Prix,23,23.0
2025,Zandvoort,Dutch_Grand_Prix,12,23.0
2025,Zandvoort,Dutch_Grand_Prix,10,23.0
2025,Zandvoort,Dutch_Grand_Prix,30,27.0
2025,Zandvoort,Dutch_Grand_Prix,55,27.0
2025,Zandvoort,Dutch_Grand_Prix,14,40.0
2025,Zandvoort,Dutch_Grand_Prix,12,51.0
2025,Zandvoort,Dutch_Grand_Prix,16,52.0
2025,Zandvoort,Dutch_Grand_Prix,55,51.0
2025,Zandvoort,Dutch_Grand_Prix,18,52.0
2025,Zandvoort,Dutch_Grand_Prix,31,52.0
2025,Zandvoort,Dutch_Grand_Prix,81,53.0
2025,Zandvoort,Dutch_Grand_Prix,4,53.0
2025,Zandvoort,Dutch_Grand_Prix,1,53.0
2025,Zandvoort,Dutch_Grand_Prix,6,53.0
2025,Zandvoort,Dutch_Grand_Prix,63,53.0
2025,Zandvoort,Dutch_Grand_Prix,23,53.0
2025,Zandvoort,Dutch_Grand_Prix,30,52.0
2025,Zandvoort,Dutch_Grand_Prix,12,53.0
2025,Zandvoort,Dutch_Grand_Prix,87,53.0
2025,Zandvoort,Dutch_Grand_Prix,22,53.0
2025,Zandvoort,Dutch_Grand_Prix,43,53.0
2025,Zandvoort,Dutch_Grand_Prix,27,53.0
2025,Zandvoort,Dutch_Grand_Prix,5,60.0
2025,Zandvoort,Dutch_Grand_Prix,43,65.0
2025,Zandvoort,Dutch_Grand_Prix,55,65.0
2025,Monza,Italian_Grand_Prix,30,9.0
2025,Monza,Italian_Grand_Prix,87,18.0
2025,Monza,Italian_Grand_Prix,22,19.0
2025,Monza,Italian_Grand_Prix,14,20.0
2025,Monza,Italian_Grand_Prix,5,20.0
2025,Monza,Italian_Grand_Prix,63,27.0
2025,Monza,Italian_Grand_Prix,12,28.0
2025,Monza,Italian_Grand_Prix,55,30.0
2025,Monza,Italian_Grand_Prix,6,32.0
2025,Monza,Italian_Grand_Prix,16,33.0
2025,Monza,Italian_Grand_Prix,43,33.0
2025,Monza,Italian_Grand_Prix,1,37.0
2025,Monza,Italian_Grand_Prix,44,38.0
2025,Monza,Italian_Grand_Prix,23,41.0
2025,Monza,Italian_Grand_Prix,81,45.0
2025,Monza,Italian_Grand_Prix,4,46.0
2025,Monza,Italian_Grand_Prix,10,49.0
2025,Monza,Italian_Grand_Prix,18,49.0
2025,Monza,Italian_Grand_Prix,31,51.0
2025,Baku,Azerbaijan_Grand_Prix,31,1.0
2025,Baku,Azerbaijan_Grand_Prix,23,1.0
2025,Baku,Azerbaijan_Grand_Prix,31,2.0
2025,Baku,Azerbaijan_Grand_Prix,23,15.0
2025,Baku,Azerbaijan_Grand_Prix,43,16.0
2025,Baku,Azerbaijan_Grand_Prix,12,18.0
2025,Baku,Azerbaijan_Grand_Prix,16,19.0
2025,Baku,Azerbaijan_Grand_Prix,30,20.0
2025,Baku,Azerbaijan_Grand_Prix,14,21.0
2025,Baku,Azerbaijan_Grand_Prix,5,26.0
2025,Baku,Azerbaijan_Grand_Prix,55,27.0
2025,Baku,Azerbaijan_Grand_Prix,87,28.0
2025,Baku,Azerbaijan_Grand_Prix,6,29.0
2025,Baku,Azerbaijan_Grand_Prix,10,35.0
2025,Baku,Azerbaijan_Grand_Prix,44,36.0
2025,Baku,Azerbaijan_Grand_Prix,27,36.0
2025,Baku,Azerbaijan_Grand_Prix,4,37.0
2025,Baku,Azerbaijan_Grand_Prix,18,37.0
2025,Baku,Azerbaijan_Grand_Prix,22,38.0
2025,Baku,Azerbaijan_Grand_Prix,63,39.0
2025,Baku,Azerbaijan_Grand_Prix,1,40.0
2025,Singapore,Singapore_Grand_Prix,22,13.0
2025,Singapore,Singapore_Grand_Prix,5,13.0
2025,Singapore,Singapore_Grand_Prix,43,14.0
2025,Singapore,Singapore_Grand_Prix,1,19.0
2025,Singapore,Singapore_Grand_Prix,6,20.0
2025,Singapore,Singapore_Grand_Prix,16,21.0
2025,Singapore,Singapore_Grand_Prix,87,23.0
2025,Singapore,Singapore_Grand_Prix,44,24.0
2025,Singapore,Singapore_Grand_Prix,10,24.0
2025,Singapore,Singapore_Grand_Prix,63,25.0
2025,Singapore,Singapore_Grand_Prix,12,25.0
2025,Singapore,Singapore_Grand_Prix,27,25.0
2025,Singapore,Singapore_Grand_Prix,4,26.0
2025,Singapore,Singapore_Grand_Prix,81,27.0
2025,Singapore,Singapore_Grand_Prix,14,27.0
2025,Singapore,Singapore_Grand_Prix,31,30.0
2025,Singapore,Singapore_Grand_Prix,18,38.0
2025,Singapore,Singapore_Grand_Prix,23,42.0
2025,Singapore,Singapore_Grand_Prix,27,44.0
2025,Singapore,Singapore_Grand_Prix,44,46.0
2025,Singapore,Singapore_Grand_Prix,30,48.0
2025,Singapore,Singapore_Grand_Prix,55,50.0
2025,Singapore,Singapore_Grand_Prix,10,51.0
2025,Austin,United_States_Grand_Prix,23,7.0
2025,Austin,United_States_Grand_Prix,5,14.0
2025,Austin,United_States_Grand_Prix,16,22.0
2025,Austin,United_States_Grand_Prix,31,24.0
2025,Austin,United_States_Grand_Prix,10,27.0
2025,Austin,United_States_Grand_Prix,18,28.0
2025,Austin,United_States_Grand_Prix,6,28.0
2025,Austin,United_States_Grand_Prix,22,29.0
2025,Austin,United_States_Grand_Prix,81,30.0
2025,Austin,United_States_Grand_Prix,87,30.0
2025,Austin,United_States_Grand_Prix,14,30.0
2025,Austin,United_States_Grand_Prix,30,30.0
2025,Austin,United_States_Grand_Prix,44,31.0
2025,Austin,United_States_Grand_Prix,12,31.0
2025,Austin,United_States_Grand_Prix,4,32.0
2025,Austin,United_States_Grand_Prix,43,32.0
2025,Austin,United_States_Grand_Prix,1,33.0
2025,Austin,United_States_Grand_Prix,63,33.0
2025,Austin,United_States_Grand_Prix,27,33.0
2025,Austin,United_States_Grand_Prix,23,36.0
2025,Austin,United_States_Grand_Prix,5,36.0
2025,Mexico City,Mexico_City_Grand_Prix,30,2.0
2025,Mexico City,Mexico_City_Grand_Prix,55,17.0
2025,Mexico City,Mexico_City_Grand_Prix,14,20.0
2025,Mexico City,Mexico_City_Grand_Prix,12,22.0
2025,Mexico City,Mexico_City_Grand_Prix,44,23.0
2025,Mexico City,Mexico_City_Grand_Prix,87,24.0
2025,Mexico City,Mexico_City_Grand_Prix,81,24.0
2025,Mexico City,Mexico_City_Grand_Prix,63,25.0
2025,Mexico City,Mexico_City_Grand_Prix,18,26.0
2025,Mexico City,Mexico_City_Grand_Prix,31,27.0
2025,Mexico City,Mexico_City_Grand_Prix,16,31.0
2025,Mexico City,Mexico_City_Grand_Prix,10,33.0
2025,Mexico City,Mexico_City_Grand_Prix,4,34.0
2025,Mexico City,Mexico_City_Grand_Prix,6,34.0
2025,Mexico City,Mexico_City_Grand_Prix,22,36.0
2025,Mexico City,Mexico_City_Grand_Prix,1,37.0
2025,Mexico City,Mexico_City_Grand_Prix,5,37.0
2025,Mexico City,Mexico_City_Grand_Prix,23,41.0
2025,Mexico City,Mexico_City_Grand_Prix,18,43.0
2025,Mexico City,Mexico_City_Grand_Prix,55,46.0
2025,Mexico City,Mexico_City_Grand_Prix,81,47.0
2025,Mexico City,Mexico_City_Grand_Prix,12,47.0
2025,Mexico City,Mexico_City_Grand_Prix,44,47.0
2025,Mexico City,Mexico_City_Grand_Prix,87,48.0
2025,Mexico City,Mexico_City_Grand_Prix,63,48.0
2025,Mexico City,Mexico_City_Grand_Prix,43,48.0
2025,Mexico City,Mexico_City_Grand_Prix,55,56.0
2025,Interlagos,São_Paulo_Grand_Prix,22,2.0
2025,Interlagos,São_Paulo_Grand_Prix,44,2.0
2025,Interlagos,São_Paulo_Grand_Prix,1,7.0
2025,Interlagos,São_Paulo_Grand_Prix,31,8.0
2025,Interlagos,São_Paulo_Grand_Prix,44,14.0
2025,Interlagos,São_Paulo_Grand_Prix,87,17.0
2025,Interlagos,São_Paulo_Grand_Prix,55,17.0
2025,Interlagos,São_Paulo_Grand_Prix,6,18.0
2025,Interlagos,São_Paulo_Grand_Prix,10,18.0
2025,Interlagos,São_Paulo_Grand_Prix,30,19.0
2025,Interlagos,São_Paulo_Grand_Prix,12,21.0
2025,Interlagos,São_Paulo_Grand_Prix,22,24.0
2025,Interlagos,São_Paulo_Grand_Prix,14,28.0
2025,Interlagos,São_Paulo_Grand_Prix,43,29.0
2025,Interlagos,São_Paulo_Grand_Prix,18,29.0
2025,Interlagos,São_Paulo_Grand_Prix,4,30.0
2025,Interlagos,São_Paulo_Grand_Prix,44,32.0
2025,Interlagos,São_Paulo_Grand_Prix,63,34.0
2025,Interlagos,São_Paulo_Grand_Prix,1,34.0
2025,Interlagos,São_Paulo_Grand_Prix,23,35.0
2025,Interlagos,São_Paulo_Grand_Prix,27,36.0
2025,Interlagos,São_Paulo_Grand_Prix,6,37.0
2025,Interlagos,São_Paulo_Grand_Prix,87,42.0
2025,Interlagos,São_Paulo_Grand_Prix,43,43.0
2025,Interlagos,São_Paulo_Grand_Prix,14,46.0
2025,Interlagos,São_Paulo_Grand_Prix,12,47.0
2025,Interlagos,São_Paulo_Grand_Prix,31,47.0
2025,Interlagos,São_Paulo_Grand_Prix,22,47.0
2025,Interlagos,São_Paulo_Grand_Prix,63,48.0
2025,Interlagos,São_Paulo_Grand_Prix,4,50.0
2025,Interlagos,São_Paulo_Grand_Prix,81,51.0
2025,Interlagos,São_Paulo_Grand_Prix,1,54.0
2025,Interlagos,São_Paulo_Grand_Prix,18,54.0
2025,Interlagos,São_Paulo_Grand_Prix,23,55.0
2025,Las Vegas,Las_Vegas_Grand_Prix,22,1.0
2025,Las Vegas,Las_Vegas_Grand_Prix,5,1.0
2025,Las Vegas,Las_Vegas_Grand_Prix,12,2.0
2025,Las Vegas,Las_Vegas_Grand_Prix,10,2.0
2025,Las Vegas,Las_Vegas_Grand_Prix,30,2.0
2025,Las Vegas,Las_Vegas_Grand_Prix,23,13.0
2025,Las Vegas,Las_Vegas_Grand_Prix,23,14.0
2025,Las Vegas,Las_Vegas_Grand_Prix,14,16.0
2025,Las Vegas,Las_Vegas_Grand_Prix,63,17.0
2025,Las Vegas,Las_Vegas_Grand_Prix,87,17.0
2025,Las Vegas,Las_Vegas_Grand_Prix,6,20.0
2025,Las Vegas,Las_Vegas_Grand_Prix,81,21.0
2025,Las Vegas,Las_Vegas_Grand_Prix,4,22.0
2025,Las Vegas,Las_Vegas_Grand_Prix,55,22.0
2025,Las Vegas,Las_Vegas_Grand_Prix,16,24.0
2025,Las Vegas,Las_Vegas_Grand_Prix,1,25.0
2025,Las Vegas,Las_Vegas_Grand_Prix,43,25.0
2025,Las Vegas,Las_Vegas_Grand_Prix,31,27.0
2025,Las Vegas,Las_Vegas_Grand_Prix,22,27.0
2025,Las Vegas,Las_Vegas_Grand_Prix,30,28.0
2025,Las Vegas,Las_Vegas_Grand_Prix,44,29.0
2025,Las Vegas,Las_Vegas_Grand_Prix,27,30.0
2025,Las Vegas,Las_Vegas_Grand_Prix,23,34.0
2025,Lusail,Qatar_Grand_Prix,1,7.0
2025,Lusail,Qatar_Grand_Prix,55,7.0
2025,Lusail,Qatar_Grand_Prix,12,7.0
2025,Lusail,Qatar_Grand_Prix,14,7.0
2025,Lusail,Qatar_Grand_Prix,6,7.0
2025,Lusail,Qatar_Grand_Prix,63,7.0
2025,Lusail,Qatar_Grand_Prix,16,7.0
2025,Lusail,Qatar_Grand_Prix,87,7.0
2025,Lusail,Qatar_Grand_Prix,30,7.0
2025,Lusail,Qatar_Grand_Prix,22,7.0
2025,Lusail,Qatar_Grand_Prix,23,7.0
2025,Lusail,Qatar_Grand_Prix,44,7.0
2025,Lusail,Qatar_Grand_Prix,5,7.0
2025,Lusail,Qatar_Grand_Prix,18,7.0
2025,Lusail,Qatar_Grand_Prix,43,7.0
2025,Lusail,Qatar_Grand_Prix,10,7.0
2025,Lusail,Qatar_Grand_Prix,31,8.0
2025,Lusail,Qatar_Grand_Prix,31,9.0
2025,Lusail,Qatar_Grand_Prix,81,24.0
2025,Lusail,Qatar_Grand_Prix,18,24.0
2025,Lusail,Qatar_Grand_Prix,4,25.0
2025,Lusail,Qatar_Grand_Prix,1,32.0
2025,Lusail,Qatar_Grand_Prix,55,32.0
2025,Lusail,Qatar_Grand_Prix,12,32.0
2025,Lusail,Qatar_Grand_Prix,14,32.0
2025,Lusail,Qatar_Grand_Prix,6,32.0
2025,Lusail,Qatar_Grand_Prix,63,32.0
2025,Lusail,Qatar_Grand_Prix,16,32.0
2025,Lusail,Qatar_Grand_Prix,30,32.0
2025,Lusail,Qatar_Grand_Prix,22,32.0
2025,Lusail,Qatar_Grand_Prix,23,32.0
2025,Lusail,Qatar_Grand_Prix,44,32.0
2025,Lusail,Qatar_Grand_Prix,5,32.0
2025,Lusail,Qatar_Grand_Prix,43,32.0
2025,Lusail,Qatar_Grand_Prix,87,32.0
2025,Lusail,Qatar_Grand_Prix,10,32.0
2025,Lusail,Qatar_Grand_Prix,31,34.0
2025,Lusail,Qatar_Grand_Prix,87,40.0
2025,Lusail,Qatar_Grand_Prix,81,42.0
2025,Lusail,Qatar_Grand_Prix,4,44.0
2025,Lusail,Qatar_Grand_Prix,18,49.0
